Country,Net migration,"Population density (per km2, 2017)","Sex ratio (m per 100 f, 2017)","Population age distribution (0-14   60+ years, %)",Health: Physicians (per 1000 pop.),Mobile-cellular subscriptions (per 100 inhabitants),activeondateimp,Sevendaypred,twelvedaypred,thirtydaypred,Weekend,Weekday,CATEGORY
Algeria,-0.39,17.3,102.0,3.117021277,1.13,113.0,12,21.0,58.0,1323.0,0,1,1
Algeria,-0.39,17.3,102.0,3.117021277,1.13,113.0,24,93.0,264.0,1769.0,0,1,1
Algeria,-0.39,17.3,102.0,3.117021277,1.13,113.0,24,93.0,264.0,1769.0,0,1,2
Algeria,-0.39,17.3,102.0,3.117021277,1.13,113.0,24,93.0,264.0,1769.0,0,1,1
Algeria,-0.39,17.3,102.0,3.117021277,1.13,113.0,90,440.0,898.0,2254.0,0,1,1
Algeria,-0.39,17.3,102.0,3.117021277,1.13,113.0,60,264.0,524.0,1931.0,0,1,2
Algeria,-0.39,17.3,102.0,3.117021277,1.13,113.0,90,440.0,898.0,2254.0,0,1,2
Algeria,-0.39,17.3,102.0,3.117021277,1.13,113.0,90,440.0,898.0,2254.0,0,1,1
Algeria,-0.39,17.3,102.0,3.117021277,1.13,113.0,74,310.0,603.0,1931.0,0,1,1
Algeria,-0.39,17.3,102.0,3.117021277,1.13,113.0,60,264.0,524.0,1931.0,0,1,2
Algeria,-0.39,17.3,102.0,3.117021277,1.13,113.0,201,524.0,1203.0,2301.0,1,0,2
Algeria,-0.39,17.3,102.0,3.117021277,1.13,113.0,230,603.0,1323.0,2443.0,0,1,3
Algeria,-0.39,17.3,102.0,3.117021277,1.13,113.0,230,603.0,1323.0,2443.0,0,1,2
Argentina,0.61,16.2,95.9,1.616883117,3.8,143.9,19,98.0,371.0,1850.0,0,1,2
Argentina,0.61,16.2,95.9,1.616883117,3.8,143.9,19,81.0,343.0,1812.0,0,1,2
Argentina,0.61,16.2,95.9,1.616883117,3.8,143.9,19,98.0,371.0,1850.0,0,1,1
Argentina,0.61,16.2,95.9,1.616883117,3.8,143.9,19,98.0,371.0,1850.0,0,1,1
Argentina,0.61,16.2,95.9,1.616883117,3.8,143.9,45,263.0,622.0,2177.0,1,0,2
Argentina,0.61,16.2,95.9,1.616883117,3.8,143.9,97,468.0,1021.0,2412.0,0,1,2
Argentina,0.61,16.2,95.9,1.616883117,3.8,143.9,97,468.0,1021.0,2412.0,0,1,1
Argentina,0.61,16.2,95.9,1.616883117,3.8,143.9,56,343.0,699.0,2271.0,0,1,1
Argentina,0.61,16.2,95.9,1.616883117,3.8,143.9,56,343.0,699.0,2271.0,0,1,2
Argentina,0.61,16.2,95.9,1.616883117,3.8,143.9,68,371.0,747.0,2271.0,0,1,2
Argentina,0.61,16.2,95.9,1.616883117,3.8,143.9,79,405.0,788.0,2412.0,0,1,1
Argentina,0.61,16.2,95.9,1.616883117,3.8,143.9,97,468.0,1021.0,2412.0,0,1,3
Argentina,0.61,16.2,95.9,1.616883117,3.8,143.9,0,0.0,0.0,81.0,0,1,1
Argentina,0.61,16.2,95.9,1.616883117,3.8,143.9,128,622.0,1123.0,2412.0,0,1,2
Argentina,0.61,16.2,95.9,1.616883117,3.8,143.9,301,788.0,1443.0,2412.0,0,1,2
Argentina,0.61,16.2,95.9,1.616883117,3.8,143.9,97,468.0,1021.0,2412.0,0,1,2
Austria,2.0,106.0,96.2,0.561752988,5.2,157.4,1018,4784.0,8570.0,15485.0,0,1,3
Austria,2.0,106.0,96.2,0.561752988,5.2,157.4,1018,4784.0,8570.0,15485.0,0,1,1
Austria,2.0,106.0,96.2,0.561752988,5.2,157.4,1018,4784.0,8570.0,15485.0,0,1,2
Austria,2.0,106.0,96.2,0.561752988,5.2,157.4,1018,4784.0,8570.0,15485.0,0,1,1
Austria,2.0,106.0,96.2,0.561752988,5.2,157.4,655,2946.0,6830.0,14681.0,1,0,2
Austria,2.0,106.0,96.2,0.561752988,5.2,157.4,182,1373.0,3709.0,13907.0,0,1,2
Austria,2.0,106.0,96.2,0.561752988,5.2,157.4,182,1373.0,3709.0,13907.0,0,1,1
Austria,2.0,106.0,96.2,0.561752988,5.2,157.4,1018,4784.0,8570.0,15485.0,0,1,2
Austria,2.0,106.0,96.2,0.561752988,5.2,157.4,246,1781.0,4784.0,14160.0,0,1,2
Austria,2.0,106.0,96.2,0.561752988,5.2,157.4,504,2527.0,5880.0,14644.0,0,1,1
Austria,2.0,106.0,96.2,0.561752988,5.2,157.4,1018,4784.0,8570.0,15485.0,0,1,1
Austria,2.0,106.0,96.2,0.561752988,5.2,157.4,1332,5633.0,8944.0,16280.0,0,1,1
Austria,2.0,106.0,96.2,0.561752988,5.2,157.4,1332,5633.0,8944.0,16280.0,0,1,1
Austria,2.0,106.0,96.2,0.561752988,5.2,157.4,1332,5633.0,8944.0,16280.0,0,1,1
Austria,2.0,106.0,96.2,0.561752988,5.2,157.4,2013,6830.0,10554.0,16489.0,0,1,3
Austria,2.0,106.0,96.2,0.561752988,5.2,157.4,1646,5880.0,9793.0,16577.0,0,1,2
Austria,2.0,106.0,96.2,0.561752988,5.2,157.4,1332,5633.0,8944.0,16280.0,0,1,1
Austria,2.0,106.0,96.2,0.561752988,5.2,157.4,2013,6830.0,10554.0,16489.0,0,1,2
Belgium,1.23,377.5,97.3,0.6951219512000001,3.0,115.7,0,1.0,1.0,7.5,1,0,1
Belgium,1.23,377.5,97.3,0.6951219512000001,3.0,115.7,314,1890.0,4323.0,27314.0,0,1,2
Belgium,1.23,377.5,97.3,0.6951219512000001,3.0,115.7,559,2379.0,5130.0,27827.0,0,1,1
Belgium,1.23,377.5,97.3,0.6951219512000001,3.0,115.7,559,2379.0,5130.0,27827.0,0,1,1
Belgium,1.23,377.5,97.3,0.6951219512000001,3.0,115.7,559,2379.0,5130.0,27827.0,0,1,2
Belgium,1.23,377.5,97.3,0.6951219512000001,3.0,115.7,1486,5130.0,12508.0,30574.0,0,1,3
Belgium,1.23,377.5,97.3,0.6951219512000001,3.0,115.7,1486,5130.0,12508.0,30574.0,0,1,1
Belgium,1.23,377.5,97.3,0.6951219512000001,3.0,115.7,1486,5130.0,12508.0,30574.0,0,1,2
Belgium,1.23,377.5,97.3,0.6951219512000001,3.0,115.7,314,1890.0,4323.0,27314.0,0,1,1
Belgium,1.23,377.5,97.3,0.6951219512000001,3.0,115.7,2257,7861.0,14221.0,30222.0,0,1,1
Brazil,-0.03,25.0,96.6,1.7222222219999999,1.9,126.6,13,214.0,620.0,12356.0,1,0,1
Brazil,-0.03,25.0,96.6,1.7222222219999999,1.9,126.6,151,915.0,2640.0,18270.0,0,1,1
Brazil,-0.03,25.0,96.6,1.7222222219999999,1.9,126.6,200,2172.0,4092.0,21174.0,0,1,1
Brazil,-0.03,25.0,96.6,1.7222222219999999,1.9,126.6,793,3618.0,7348.0,22671.0,0,1,2
Brazil,-0.03,25.0,96.6,1.7222222219999999,1.9,126.6,793,3618.0,7348.0,22671.0,0,1,1
Brazil,-0.03,25.0,96.6,1.7222222219999999,1.9,126.6,372,2640.0,4691.0,21925.0,0,1,1
Brazil,-0.03,25.0,96.6,1.7222222219999999,1.9,126.6,621,3106.0,5736.0,22562.0,0,1,2
Brazil,-0.03,25.0,96.6,1.7222222219999999,1.9,126.6,1924,4691.0,10586.0,23602.0,0,1,2
Brazil,-0.03,25.0,96.6,1.7222222219999999,1.9,126.6,372,2640.0,4691.0,21925.0,0,1,2
Brazil,-0.03,25.0,96.6,1.7222222219999999,1.9,126.6,621,3106.0,5736.0,22562.0,0,1,2
Brazil,-0.03,25.0,96.6,1.7222222219999999,1.9,126.6,1924,4691.0,10586.0,23602.0,0,1,1
Chile,0.3,24.3,98.2,1.26875,1.08,129.5,13,249.0,644.0,5220.0,0,1,1
Chile,0.3,24.3,98.2,1.26875,1.08,129.5,238,1338.0,2722.0,7138.0,0,1,2
Chile,0.3,24.3,98.2,1.26875,1.08,129.5,238,1338.0,2722.0,7138.0,0,1,2
Chile,0.3,24.3,98.2,1.26875,1.08,129.5,238,1163.0,2384.0,6825.0,0,1,2
Chile,0.3,24.3,98.2,1.26875,1.08,129.5,74,644.0,1583.0,6171.0,1,0,2
Chile,0.3,24.3,98.2,1.26875,1.08,129.5,13,249.0,644.0,5220.0,0,1,2
Chile,0.3,24.3,98.2,1.26875,1.08,129.5,238,1338.0,2722.0,7138.0,0,1,1
China,-0.4,149.29,94.566,0.7568100358,1.5,215.46599999999998,3554,20535.0,32795.0,65755.0,0,1,1
China,-0.4,149.29,94.566,0.7568100358,1.5,215.46599999999998,67790,67800.0,67801.0,71515.0,1,0,2
China,-0.4,149.29,94.566,0.7568100358,1.5,215.46599999999998,444,4394.0,15561.0,62442.0,0,1,1
China,-0.4,149.29,94.566,0.7568100358,1.5,215.46599999999998,1423,15561.0,28431.0,64786.0,0,1,2
China,-0.4,149.29,94.566,0.7568100358,1.5,215.46599999999998,440,1423.0,7153.0,62956.0,0,1,2
China,-0.4,149.29,94.566,0.7568100358,1.5,215.46599999999998,67786,67800.0,67801.0,71515.0,0,1,1
China,-0.4,149.29,94.566,0.7568100358,1.5,215.46599999999998,67800,67801.0,67801.0,75541.0,0,1,1
China,-0.4,149.29,94.566,0.7568100358,1.5,215.46599999999998,13522,32795.0,57649.0,67274.5,0,1,1
China,-0.4,149.29,94.566,0.7568100358,1.5,215.46599999999998,48206,62956.0,64287.0,67786.0,0,1,1
China,-0.4,149.29,94.566,0.7568100358,1.5,215.46599999999998,65596,67332.0,67743.0,67801.0,0,1,1
China,-0.4,149.29,94.566,0.7568100358,1.5,215.46599999999998,67798,67800.0,67801.0,71515.0,0,1,1
China,-0.4,149.29,94.566,0.7568100358,1.5,215.46599999999998,67798,67800.0,67801.0,71515.0,0,1,1
China,-0.4,149.29,94.566,0.7568100358,1.5,215.46599999999998,67798,67800.0,67801.0,71515.0,0,1,1
China,-0.4,149.29,94.566,0.7568100358,1.5,215.46599999999998,67798,67800.0,67801.0,71515.0,0,1,1
China,-0.4,149.29,94.566,0.7568100358,1.5,215.46599999999998,67799,67800.0,67801.0,73413.0,0,1,1
China,-0.4,149.29,94.566,0.7568100358,1.5,215.46599999999998,67799,67800.0,67801.0,73413.0,0,1,1
China,-0.4,149.29,94.566,0.7568100358,1.5,215.46599999999998,67799,67800.0,67801.0,73413.0,0,1,1
China,-0.4,149.29,94.566,0.7568100358,1.5,215.46599999999998,67800,67801.0,67801.0,76001.0,0,1,1
China,-0.4,149.29,94.566,0.7568100358,1.5,215.46599999999998,67800,67801.0,67801.0,76001.0,0,1,1
China,-0.4,149.29,94.566,0.7568100358,1.5,215.46599999999998,67800,67801.0,67801.0,76001.0,0,1,1
China,-0.4,149.29,94.566,0.7568100358,1.5,215.46599999999998,67800,67801.0,67801.0,75541.0,0,1,1
China,-0.4,149.29,94.566,0.7568100358,1.5,215.46599999999998,67800,67801.0,67801.0,75541.0,0,1,1
China,-0.4,149.29,94.566,0.7568100358,1.5,215.46599999999998,67800,67801.0,67801.0,75541.0,0,1,1
China,-0.4,149.29,94.566,0.7568100358,1.5,215.46599999999998,67800,67801.0,67801.0,75541.0,0,1,1
China,-0.4,149.29,94.566,0.7568100358,1.5,215.46599999999998,67800,67801.0,67801.0,75541.0,0,1,1
Colombia,-0.31,44.2,96.8,2.025862069,1.35,115.7,9,118.0,373.0,1916.0,0,1,2
Colombia,-0.31,44.2,96.8,2.025862069,1.35,115.7,9,118.0,373.0,1916.0,0,1,1
Colombia,-0.31,44.2,96.8,2.025862069,1.35,115.7,9,118.0,373.0,1916.0,0,1,2
Colombia,-0.31,44.2,96.8,2.025862069,1.35,115.7,54,276.0,600.0,2360.0,0,1,1
Colombia,-0.31,44.2,96.8,2.025862069,1.35,115.7,54,276.0,600.0,2360.0,0,1,2
Colombia,-0.31,44.2,96.8,2.025862069,1.35,115.7,54,276.0,600.0,2360.0,0,1,1
Colombia,-0.31,44.2,96.8,2.025862069,1.35,115.7,54,276.0,600.0,2360.0,0,1,2
Colombia,-0.31,44.2,96.8,2.025862069,1.35,115.7,9,118.0,373.0,1916.0,0,1,2
Colombia,-0.31,44.2,96.8,2.025862069,1.35,115.7,22,203.0,507.0,2111.0,1,0,2
Colombia,-0.31,44.2,96.8,2.025862069,1.35,115.7,54,276.0,600.0,2360.0,0,1,2
Colombia,-0.31,44.2,96.8,2.025862069,1.35,115.7,54,276.0,600.0,2360.0,0,1,3
Colombia,-0.31,44.2,96.8,2.025862069,1.35,115.7,277,801.0,1360.0,2585.0,0,1,2
Colombia,-0.31,44.2,96.8,2.025862069,1.35,115.7,128,507.0,1042.0,2585.0,0,1,1
Colombia,-0.31,44.2,96.8,2.025862069,1.35,115.7,128,507.0,1042.0,2585.0,0,1,1
Croatia,1.58,74.9,93.1,0.5485074627000001,3.1,103.8,19,111.0,399.0,1354.0,0,1,1
Croatia,1.58,74.9,93.1,0.5485074627000001,3.1,103.8,9,12.0,49.0,1046.0,0,1,1
Croatia,1.58,74.9,93.1,0.5485074627000001,3.1,103.8,57,327.0,702.0,1474.0,0,1,1
Croatia,1.58,74.9,93.1,0.5485074627000001,3.1,103.8,7,12.0,28.0,896.0,1,0,1
Croatia,1.58,74.9,93.1,0.5485074627000001,3.1,103.8,105,519.0,896.0,1615.0,0,1,2
Croatia,1.58,74.9,93.1,0.5485074627000001,3.1,103.8,49,291.0,603.0,1428.0,1,0,2
Croatia,1.58,74.9,93.1,0.5485074627000001,3.1,103.8,65,399.0,740.0,1604.0,0,1,2
Croatia,1.58,74.9,93.1,0.5485074627000001,3.1,103.8,105,519.0,896.0,1615.0,0,1,1
Croatia,1.58,74.9,93.1,0.5485074627000001,3.1,103.8,105,519.0,896.0,1615.0,0,1,1
Croatia,1.58,74.9,93.1,0.5485074627000001,3.1,103.8,19,111.0,399.0,1354.0,0,1,2
Croatia,1.58,74.9,93.1,0.5485074627000001,3.1,103.8,105,519.0,896.0,1615.0,0,1,1
Czech Republic,0.97,137.5,96.7,0.6015625,3.7,129.2,94,678.0,1370.0,5641.0,0,1,1
Czech Republic,0.97,137.5,96.7,0.6015625,3.7,129.2,94,678.0,1370.0,5641.0,0,1,1
Czech Republic,0.97,137.5,96.7,0.6015625,3.7,129.2,94,678.0,1370.0,5641.0,0,1,1
Czech Republic,0.97,137.5,96.7,0.6015625,3.7,129.2,94,678.0,1370.0,5641.0,0,1,1
Czech Republic,0.97,137.5,96.7,0.6015625,3.7,129.2,94,678.0,1370.0,5641.0,0,1,2
Czech Republic,0.97,137.5,96.7,0.6015625,3.7,129.2,298,1221.0,2620.0,6598.0,0,1,3
Czech Republic,0.97,137.5,96.7,0.6015625,3.7,129.2,298,1221.0,2620.0,6598.0,0,1,2
Czech Republic,0.97,137.5,96.7,0.6015625,3.7,129.2,464,1642.0,2866.0,6598.0,0,1,1
Czech Republic,0.97,137.5,96.7,0.6015625,3.7,129.2,694,1953.0,3183.0,6598.0,0,1,1
Czech Republic,0.97,137.5,96.7,0.6015625,3.7,129.2,464,1642.0,2866.0,6598.0,0,1,1
Czech Republic,0.97,137.5,96.7,0.6015625,3.7,129.2,694,1953.0,3183.0,6598.0,0,1,2
Czech Republic,0.97,137.5,96.7,0.6015625,3.7,129.2,694,1953.0,3183.0,6598.0,0,1,2
Czech Republic,0.97,137.5,96.7,0.6015625,3.7,129.2,995,2620.0,3712.0,6737.0,1,0,2
Czech Republic,0.97,137.5,96.7,0.6015625,3.7,129.2,694,1953.0,3183.0,6598.0,0,1,1
Czech Republic,0.97,137.5,96.7,0.6015625,3.7,129.2,694,1953.0,3183.0,6598.0,0,1,2
Denmark,2.48,135.1,99.0,0.6521739129999999,3.6,128.3,836,1275.0,1809.0,6277.0,1,0,2
Denmark,2.48,135.1,99.0,0.6521739129999999,3.6,128.3,804,1219.0,1683.0,6270.0,0,1,1
Denmark,2.48,135.1,99.0,0.6521739129999999,3.6,128.3,444,1053.0,1395.0,6056.0,0,1,1
Denmark,2.48,135.1,99.0,0.6521739129999999,3.6,128.3,933,1395.0,2119.0,6521.0,0,1,1
Denmark,2.48,135.1,99.0,0.6521739129999999,3.6,128.3,804,1219.0,1683.0,6270.0,0,1,1
Denmark,2.48,135.1,99.0,0.6521739129999999,3.6,128.3,1116,1683.0,2488.0,6622.0,0,1,1
Denmark,2.48,135.1,99.0,0.6521739129999999,3.6,128.3,1116,1683.0,2488.0,6622.0,0,1,1
Denmark,2.48,135.1,99.0,0.6521739129999999,3.6,128.3,1116,1683.0,2488.0,6622.0,0,1,1
Denmark,2.48,135.1,99.0,0.6521739129999999,3.6,128.3,1116,1683.0,2488.0,6622.0,0,1,1
Denmark,2.48,135.1,99.0,0.6521739129999999,3.6,128.3,836,1275.0,1809.0,6277.0,1,0,2
Denmark,2.48,135.1,99.0,0.6521739129999999,3.6,128.3,1116,1683.0,2488.0,6622.0,0,1,1
Denmark,2.48,135.1,99.0,0.6521739129999999,3.6,128.3,617,1131.0,1507.0,6229.0,0,1,2
Denmark,2.48,135.1,99.0,0.6521739129999999,3.6,128.3,1225,1809.0,2747.0,6940.0,0,1,1
Denmark,2.48,135.1,99.0,0.6521739129999999,3.6,128.3,1,12.0,291.0,2119.0,0,1,2
Denmark,2.48,135.1,99.0,0.6521739129999999,3.6,128.3,92,915.0,1275.0,5208.0,0,1,2
Denmark,2.48,135.1,99.0,0.6521739129999999,3.6,128.3,1025,1507.0,2290.0,6622.0,0,1,2
Denmark,2.48,135.1,99.0,0.6521739129999999,3.6,128.3,1116,1683.0,2488.0,6622.0,0,1,2
Denmark,2.48,135.1,99.0,0.6521739129999999,3.6,128.3,1025,1507.0,2290.0,6622.0,0,1,1
Dominican Republic,-3.22,222.8,99.2,2.87254902,1.5,82.6,0,2.0,8.0,916.0,1,0,1
Dominican Republic,-3.22,222.8,99.2,2.87254902,1.5,82.6,34,516.0,1045.0,2602.0,0,1,2
Dominican Republic,-3.22,222.8,99.2,2.87254902,1.5,82.6,11,288.0,724.0,2428.0,0,1,2
Dominican Republic,-3.22,222.8,99.2,2.87254902,1.5,82.6,11,137.0,516.0,2381.0,1,0,1
Dominican Republic,-3.22,222.8,99.2,2.87254902,1.5,82.6,21,323.0,881.0,2428.0,0,1,2
Dominican Republic,-3.22,222.8,99.2,2.87254902,1.5,82.6,34,516.0,1045.0,2602.0,0,1,2
Dominican Republic,-3.22,222.8,99.2,2.87254902,1.5,82.6,34,516.0,1045.0,2602.0,0,1,1
Dominican Republic,-3.22,222.8,99.2,2.87254902,1.5,82.6,34,516.0,1045.0,2602.0,0,1,1
Dominican Republic,-3.22,222.8,99.2,2.87254902,1.5,82.6,72,606.0,1322.0,2602.0,0,1,2
Ecuador,-8.58,66.9,99.9,2.704761905,1.7,79.4,17,216.0,1118.0,4181.0,0,1,1
Ecuador,-8.58,66.9,99.9,2.704761905,1.7,79.4,58,1118.0,1922.0,4629.0,0,1,2
Ecuador,-8.58,66.9,99.9,2.704761905,1.7,79.4,58,1118.0,1922.0,4629.0,0,1,3
Ecuador,-8.58,66.9,99.9,2.704761905,1.7,79.4,58,1118.0,1922.0,4629.0,0,1,2
Ecuador,-8.58,66.9,99.9,2.704761905,1.7,79.4,58,1118.0,1922.0,4629.0,0,1,1
Ecuador,-8.58,66.9,99.9,2.704761905,1.7,79.4,58,1118.0,1922.0,4629.0,0,1,2
Ecuador,-8.58,66.9,99.9,2.704761905,1.7,79.4,58,1118.0,1922.0,4629.0,0,1,2
Ecuador,-8.58,66.9,99.9,2.704761905,1.7,79.4,506,1822.0,3237.0,4858.0,1,0,2
Ecuador,-8.58,66.9,99.9,2.704761905,1.7,79.4,506,1822.0,3237.0,4858.0,1,0,2
Egypt,-0.22,98.0,102.3,4.240506329,0.8,111.0,256,514.0,721.0,2355.0,0,1,2
Egypt,-0.22,98.0,102.3,4.240506329,0.8,111.0,256,514.0,721.0,2355.0,0,1,2
Egypt,-0.22,98.0,102.3,4.240506329,0.8,111.0,110,319.0,541.0,2050.0,1,0,1
Egypt,-0.22,98.0,102.3,4.240506329,0.8,111.0,196,419.0,619.0,2393.0,0,1,1
Egypt,-0.22,98.0,102.3,4.240506329,0.8,111.0,110,319.0,541.0,2050.0,1,0,1
Egypt,-0.22,98.0,102.3,4.240506329,0.8,111.0,456,791.0,1339.0,2750.0,0,1,2
Egypt,-0.22,98.0,102.3,4.240506329,0.8,111.0,456,791.0,1339.0,2750.0,0,1,2
Egypt,-0.22,98.0,102.3,4.240506329,0.8,111.0,456,791.0,1339.0,2750.0,0,1,1
Egypt,-0.22,98.0,102.3,4.240506329,0.8,111.0,456,791.0,1339.0,2750.0,0,1,1
Estonia,-3.16,30.9,88.2,0.6332046332,3.3,148.7,16,265.0,340.0,1270.0,0,1,1
Estonia,-3.16,30.9,88.2,0.6332046332,3.3,148.7,16,265.0,340.0,1270.0,0,1,1
Estonia,-3.16,30.9,88.2,0.6332046332,3.3,148.7,16,265.0,340.0,1270.0,0,1,2
Estonia,-3.16,30.9,88.2,0.6332046332,3.3,148.7,225,357.0,657.0,1440.0,0,1,2
Estonia,-3.16,30.9,88.2,0.6332046332,3.3,148.7,225,357.0,657.0,1440.0,0,1,1
Estonia,-3.16,30.9,88.2,0.6332046332,3.3,148.7,205,340.0,604.0,1435.0,0,1,1
Estonia,-3.16,30.9,88.2,0.6332046332,3.3,148.7,115,302.0,514.0,1339.0,1,0,2
Estonia,-3.16,30.9,88.2,0.6332046332,3.3,148.7,16,287.0,357.0,1320.0,0,1,2
Estonia,-3.16,30.9,88.2,0.6332046332,3.3,148.7,16,287.0,357.0,1320.0,0,1,1
Estonia,-3.16,30.9,88.2,0.6332046332,3.3,148.7,16,287.0,357.0,1320.0,0,1,1
Estonia,-3.16,30.9,88.2,0.6332046332,3.3,148.7,16,287.0,357.0,1320.0,0,1,1
Estonia,-3.16,30.9,88.2,0.6332046332,3.3,148.7,16,287.0,357.0,1320.0,0,1,1
Estonia,-3.16,30.9,88.2,0.6332046332,3.3,148.7,258,383.0,685.0,1440.0,0,1,1
Estonia,-3.16,30.9,88.2,0.6332046332,3.3,148.7,205,340.0,604.0,1435.0,0,1,1
Estonia,-3.16,30.9,88.2,0.6332046332,3.3,148.7,225,357.0,657.0,1440.0,0,1,2
Estonia,-3.16,30.9,88.2,0.6332046332,3.3,148.7,267,514.0,715.0,1499.0,0,1,2
Finland,0.95,18.2,97.2,0.5899280576,3.0,135.5,15,279.0,407.0,2116.0,1,0,2
Finland,0.95,18.2,97.2,0.5899280576,3.0,135.5,277,741.0,1193.0,2347.0,0,1,1
Finland,0.95,18.2,97.2,0.5899280576,3.0,135.5,155,492.0,907.0,2297.0,0,1,1
Finland,0.95,18.2,97.2,0.5899280576,3.0,135.5,277,741.0,1193.0,2347.0,0,1,2
Finland,0.95,18.2,97.2,0.5899280576,3.0,135.5,336,907.0,1362.0,2493.0,0,1,1
Finland,0.95,18.2,97.2,0.5899280576,3.0,135.5,277,741.0,1193.0,2347.0,0,1,1
Finland,0.95,18.2,97.2,0.5899280576,3.0,135.5,277,741.0,1193.0,2347.0,0,1,1
Finland,0.95,18.2,97.2,0.5899280576,3.0,135.5,277,741.0,1193.0,2347.0,0,1,1
Finland,0.95,18.2,97.2,0.5899280576,3.0,135.5,277,741.0,1193.0,2347.0,0,1,1
Finland,0.95,18.2,97.2,0.5899280576,3.0,135.5,277,741.0,1193.0,2347.0,0,1,1
Finland,0.95,18.2,97.2,0.5899280576,3.0,135.5,277,741.0,1193.0,2347.0,0,1,1
Finland,0.95,18.2,97.2,0.5899280576,3.0,135.5,277,741.0,1193.0,2347.0,0,1,2
Finland,0.95,18.2,97.2,0.5899280576,3.0,135.5,400,991.0,1455.0,2493.0,0,1,2
Finland,0.95,18.2,97.2,0.5899280576,3.0,135.5,1041,1635.0,2268.0,3146.0,0,1,1
Finland,0.95,18.2,97.2,0.5899280576,3.0,135.5,321,808.0,1295.0,2488.0,0,1,1
Finland,0.95,18.2,97.2,0.5899280576,3.0,135.5,277,741.0,1193.0,2347.0,0,1,1
Finland,0.95,18.2,97.2,0.5899280576,3.0,135.5,700,1362.0,1896.0,2786.0,0,1,1
France,0.66,118.7,96.7,0.7042801556,3.2,102.6,6683,20367.0,38771.0,153082.0,0,1,3
France,0.66,118.7,96.7,0.7042801556,3.2,102.6,6683,20367.0,38771.0,153082.0,0,1,1
France,0.66,118.7,96.7,0.7042801556,3.2,102.6,6683,20367.0,38771.0,153082.0,0,1,1
France,0.66,118.7,96.7,0.7042801556,3.2,102.6,6683,20367.0,38771.0,153082.0,0,1,2
France,0.66,118.7,96.7,0.7042801556,3.2,102.6,6683,20367.0,38771.0,153082.0,0,1,1
France,0.66,118.7,96.7,0.7042801556,3.2,102.6,6683,20367.0,38771.0,153082.0,0,1,1
France,0.66,118.7,96.7,0.7042801556,3.2,102.6,7715,24068.0,41956.0,155691.0,0,1,3
France,0.66,118.7,96.7,0.7042801556,3.2,102.6,7715,24068.0,41956.0,155691.0,0,1,1
France,0.66,118.7,96.7,0.7042801556,3.2,102.6,11,12.0,13.33333333,5181.0,0,1,2
France,0.66,118.7,96.7,0.7042801556,3.2,102.6,204,1744.0,4852.0,60518.0,0,1,2
France,0.66,118.7,96.7,0.7042801556,3.2,102.6,100,1071.0,2536.0,45022.0,1,0,1
France,0.66,118.7,96.7,0.7042801556,3.2,102.6,1136,4852.0,13427.0,101292.0,1,0,1
France,0.66,118.7,96.7,0.7042801556,3.2,102.6,2293,11185.0,24068.0,139627.0,0,1,2
France,0.66,118.7,96.7,0.7042801556,3.2,102.6,9124,25898.0,45022.0,155244.0,0,1,1
France,0.66,118.7,96.7,0.7042801556,3.2,102.6,9124,25898.0,45022.0,155244.0,0,1,2
Germany,2.18,235.6,97.0,0.46785714289999997,4.1,116.7,5795,25436.0,53479.0,158427.0,1,0,2
Germany,2.18,235.6,97.0,0.46785714289999997,4.1,116.7,7272,29809.0,59991.0,152509.0,0,1,1
Germany,2.18,235.6,97.0,0.46785714289999997,4.1,116.7,1908,13008.0,29809.0,127168.0,0,1,1
Germany,2.18,235.6,97.0,0.46785714289999997,4.1,116.7,1457,9787.0,25436.0,128464.0,0,1,1
Germany,2.18,235.6,97.0,0.46785714289999997,4.1,116.7,1457,9787.0,25436.0,128464.0,0,1,2
Germany,2.18,235.6,97.0,0.46785714289999997,4.1,116.7,1457,9787.0,25436.0,128464.0,0,1,2
Germany,2.18,235.6,97.0,0.46785714289999997,4.1,116.7,12,16.0,16.0,876.0,0,1,1
Germany,2.18,235.6,97.0,0.46785714289999997,4.1,116.7,262,2018.0,7551.0,93499.0,0,1,2
Germany,2.18,235.6,97.0,0.46785714289999997,4.1,116.7,79,876.0,2317.0,67845.0,1,0,2
Germany,2.18,235.6,97.0,0.46785714289999997,4.1,116.7,16,16.0,26.33333333,6033.0,0,1,1
Germany,2.18,235.6,97.0,0.46785714289999997,4.1,116.7,16,16.0,57.0,9787.0,1,0,2
Germany,2.18,235.6,97.0,0.46785714289999997,4.1,116.7,7272,29809.0,59991.0,152509.0,0,1,1
Germany,2.18,235.6,97.0,0.46785714289999997,4.1,116.7,22213,59991.0,87059.0,168922.0,1,0,3
Germany,2.18,235.6,97.0,0.46785714289999997,4.1,116.7,24873,64309.0,93499.0,180946.0,1,0,1
Germany,2.18,235.6,97.0,0.46785714289999997,4.1,116.7,24873,64309.0,93499.0,180946.0,1,0,1
Germany,2.18,235.6,97.0,0.46785714289999997,4.1,116.7,7272,29809.0,59991.0,152509.0,0,1,1
Greece,2.35,86.6,96.9,0.5358490565999999,6.3,114.0,73,374.0,574.0,2018.0,0,1,1
Greece,2.35,86.6,96.9,0.5358490565999999,6.3,114.0,190,490.0,817.0,1945.0,0,1,1
Greece,2.35,86.6,96.9,0.5358490565999999,6.3,114.0,99,441.0,722.0,1938.0,0,1,1
Greece,2.35,86.6,96.9,0.5358490565999999,6.3,114.0,190,490.0,817.0,1945.0,0,1,2
Greece,2.35,86.6,96.9,0.5358490565999999,6.3,114.0,190,490.0,817.0,1945.0,0,1,1
Greece,2.35,86.6,96.9,0.5358490565999999,6.3,114.0,331,630.0,989.0,1980.0,1,0,2
Greece,2.35,86.6,96.9,0.5358490565999999,6.3,114.0,73,374.0,574.0,2018.0,0,1,2
Greece,2.35,86.6,96.9,0.5358490565999999,6.3,114.0,418,817.0,1239.0,2013.0,0,1,1
Greece,2.35,86.6,96.9,0.5358490565999999,6.3,114.0,331,630.0,989.0,1980.0,1,0,2
Greece,2.35,86.6,96.9,0.5358490565999999,6.3,114.0,530,1077.0,1567.0,2013.0,1,0,2
Greece,2.35,86.6,96.9,0.5358490565999999,6.3,114.0,387,763.0,1186.0,2013.0,0,1,2
Greece,2.35,86.6,96.9,0.5358490565999999,6.3,114.0,418,817.0,1239.0,2013.0,0,1,2
Greece,2.35,86.6,96.9,0.5358490565999999,6.3,114.0,331,722.0,1077.0,2013.0,0,1,1
Greece,2.35,86.6,96.9,0.5358490565999999,6.3,114.0,695,1239.0,1672.0,2068.0,0,1,3
Greece,2.35,86.6,96.9,0.5358490565999999,6.3,114.0,695,1239.0,1672.0,2068.0,0,1,2
Greece,2.35,86.6,96.9,0.5358490565999999,6.3,114.0,695,1239.0,1672.0,2068.0,0,1,2
Iceland,2.38,3.3,100.7,1.0,3.8,114.0,134,424.0,724.0,1928.0,0,1,1
Iceland,2.38,3.3,100.7,1.0,3.8,114.0,180,598.0,942.0,2117.0,0,1,1
Iceland,2.38,3.3,100.7,1.0,3.8,114.0,180,598.0,942.0,2117.0,0,1,1
Iceland,2.38,3.3,100.7,1.0,3.8,114.0,1,43.0,92.0,988.0,0,1,1
Iceland,2.38,3.3,100.7,1.0,3.8,114.0,43,134.0,260.0,1417.0,0,1,2
Iceland,2.38,3.3,100.7,1.0,3.8,114.0,648,1095.0,1417.0,2257.0,0,1,1
Iceland,2.38,3.3,100.7,1.0,3.8,114.0,648,1095.0,1417.0,2257.0,0,1,1
Iceland,2.38,3.3,100.7,1.0,3.8,114.0,473,942.0,1273.0,2250.0,1,0,2
Iceland,2.38,3.3,100.7,1.0,3.8,114.0,409,864.0,1164.0,2250.0,0,1,2
Iceland,2.38,3.3,100.7,1.0,3.8,114.0,330,811.0,1095.0,2250.0,0,1,1
Iceland,2.38,3.3,100.7,1.0,3.8,114.0,648,1095.0,1417.0,2257.0,0,1,1
Iceland,2.38,3.3,100.7,1.0,3.8,114.0,588,1035.0,1364.0,2257.0,0,1,1
India,-0.07,450.4,107.6,2.957446809,0.7,78.8,82,255.0,652.0,6559.0,0,1,2
India,-0.07,450.4,107.6,2.957446809,0.7,78.8,82,255.0,652.0,6559.0,0,1,1
India,-0.07,450.4,107.6,2.957446809,0.7,78.8,56,138.0,427.0,5286.0,0,1,2
India,-0.07,450.4,107.6,2.957446809,0.7,78.8,113,427.0,906.0,6996.0,1,0,2
India,-0.07,450.4,107.6,2.957446809,0.7,78.8,156,652.0,1226.0,8796.0,0,1,1
India,-0.07,450.4,107.6,2.957446809,0.7,78.8,156,652.0,1226.0,8796.0,0,1,2
India,-0.07,450.4,107.6,2.957446809,0.7,78.8,119,510.0,1056.0,7735.0,0,1,3
India,-0.07,450.4,107.6,2.957446809,0.7,78.8,113,427.0,906.0,6996.0,1,0,2
India,-0.07,450.4,107.6,2.957446809,0.7,78.8,30,70.0,138.0,2909.0,0,1,1
India,-0.07,450.4,107.6,2.957446809,0.7,78.8,0,1.0,3.0,3.0,1,0,1
India,-0.07,450.4,107.6,2.957446809,0.7,78.8,0,1.0,3.0,3.0,1,0,1
India,-0.07,450.4,107.6,2.957446809,0.7,78.8,3,25.0,54.0,906.0,0,1,1
India,-0.07,450.4,107.6,2.957446809,0.7,78.8,3,25.0,54.0,906.0,0,1,1
India,-0.07,450.4,107.6,2.957446809,0.7,78.8,3,25.0,54.0,906.0,0,1,2
India,-0.07,450.4,107.6,2.957446809,0.7,78.8,5,54.0,102.0,2003.0,0,1,2
India,-0.07,450.4,107.6,2.957446809,0.7,78.8,5,60.0,120.0,2792.0,0,1,2
India,-0.07,450.4,107.6,2.957446809,0.7,78.8,5,60.0,120.0,2792.0,0,1,1
India,-0.07,450.4,107.6,2.957446809,0.7,78.8,30,70.0,138.0,2909.0,0,1,1
India,-0.07,450.4,107.6,2.957446809,0.7,78.8,31,83.0,165.0,3803.0,0,1,2
India,-0.07,450.4,107.6,2.957446809,0.7,78.8,31,83.0,165.0,3803.0,0,1,1
India,-0.07,450.4,107.6,2.957446809,0.7,78.8,56,138.0,427.0,5286.0,0,1,1
India,-0.07,450.4,107.6,2.957446809,0.7,78.8,56,138.0,427.0,5286.0,0,1,2
India,-0.07,450.4,107.6,2.957446809,0.7,78.8,56,138.0,427.0,5286.0,0,1,1
India,-0.07,450.4,107.6,2.957446809,0.7,78.8,62,165.0,510.0,5942.0,0,1,1
India,-0.07,450.4,107.6,2.957446809,0.7,78.8,62,165.0,510.0,5942.0,0,1,2
India,-0.07,450.4,107.6,2.957446809,0.7,78.8,82,255.0,652.0,6559.0,0,1,2
India,-0.07,450.4,107.6,2.957446809,0.7,78.8,82,255.0,652.0,6559.0,0,1,1
India,-0.07,450.4,107.6,2.957446809,0.7,78.8,113,427.0,906.0,6996.0,1,0,2
India,-0.07,450.4,107.6,2.957446809,0.7,78.8,102,343.0,783.0,6766.0,1,0,2
India,-0.07,450.4,107.6,2.957446809,0.7,78.8,142,576.0,1060.0,8309.0,0,1,2
India,-0.07,450.4,107.6,2.957446809,0.7,78.8,396,1060.0,2797.0,9638.0,1,0,2
India,-0.07,450.4,107.6,2.957446809,0.7,78.8,244,906.0,2003.0,8886.0,0,1,1
India,-0.07,450.4,107.6,2.957446809,0.7,78.8,244,906.0,2003.0,8886.0,0,1,1
Indonesia,-1.1,145.7,101.4,3.186046512,0.2,132.4,6,143.0,395.0,2566.0,1,0,2
Indonesia,-1.1,145.7,101.4,3.186046512,0.2,132.4,6,143.0,395.0,2566.0,1,0,2
Indonesia,-1.1,145.7,101.4,3.186046512,0.2,132.4,6,143.0,395.0,2566.0,1,0,2
Indonesia,-1.1,145.7,101.4,3.186046512,0.2,132.4,6,143.0,395.0,2566.0,1,0,2
Iran,-0.84,49.8,101.2,2.6931818180000002,1.5,93.4,245,3689.0,8252.0,36019.0,0,1,1
Iran,-0.84,49.8,101.2,2.6931818180000002,1.5,93.4,14991,23144.0,36019.0,82074.0,0,1,2
Iran,-0.84,49.8,101.2,2.6931818180000002,1.5,93.4,245,3689.0,8252.0,36019.0,0,1,2
Iran,-0.84,49.8,101.2,2.6931818180000002,1.5,93.4,16169,25102.0,38992.0,79408.0,0,1,1
Iran,-0.84,49.8,101.2,2.6931818180000002,1.5,93.4,6566,14363.0,19885.0,63897.0,1,0,2
Iran,-0.84,49.8,101.2,2.6931818180000002,1.5,93.4,6566,14363.0,19885.0,63897.0,1,0,1
Iran,-0.84,49.8,101.2,2.6931818180000002,1.5,93.4,3513,10505.0,16426.0,56264.0,0,1,1
Ireland,4.99,69.1,98.4,1.130890052,2.8,103.7,43,552.0,1378.0,6665.0,0,1,1
Ireland,4.99,69.1,98.4,1.130890052,2.8,103.7,43,552.0,1378.0,6665.0,0,1,1
Ireland,4.99,69.1,98.4,1.130890052,2.8,103.7,90,794.0,1576.0,7170.0,0,1,1
Ireland,4.99,69.1,98.4,1.130890052,2.8,103.7,129,871.0,2104.0,7798.0,1,0,2
Ireland,4.99,69.1,98.4,1.130890052,2.8,103.7,292,1576.0,2811.0,9113.0,0,1,2
Ireland,4.99,69.1,98.4,1.130890052,2.8,103.7,169,1124.0,2404.0,8206.0,0,1,1
Ireland,4.99,69.1,98.4,1.130890052,2.8,103.7,1329,3183.0,4783.0,11064.0,0,1,1
Ireland,4.99,69.1,98.4,1.130890052,2.8,103.7,1329,3183.0,4783.0,11064.0,0,1,1
Ireland,4.99,69.1,98.4,1.130890052,2.8,103.7,1329,3183.0,4783.0,11064.0,0,1,1
Ireland,4.99,69.1,98.4,1.130890052,2.8,103.7,1329,3183.0,4783.0,11064.0,0,1,1
Ireland,4.99,69.1,98.4,1.130890052,2.8,103.7,1329,3183.0,4783.0,11064.0,0,1,1
Ireland,4.99,69.1,98.4,1.130890052,2.8,103.7,1329,3183.0,4783.0,11064.0,0,1,1
Ireland,4.99,69.1,98.4,1.130890052,2.8,103.7,1329,3183.0,4783.0,11064.0,0,1,1
Ireland,4.99,69.1,98.4,1.130890052,2.8,103.7,1329,3183.0,4783.0,11064.0,0,1,1
Ireland,4.99,69.1,98.4,1.130890052,2.8,103.7,1329,3183.0,4783.0,11064.0,0,1,1
Ireland,4.99,69.1,98.4,1.130890052,2.8,103.7,1329,3183.0,4783.0,11064.0,0,1,1
Ireland,4.99,69.1,98.4,1.130890052,2.8,103.7,1329,3183.0,4783.0,11064.0,0,1,1
Ireland,4.99,69.1,98.4,1.130890052,2.8,103.7,1329,3183.0,4783.0,11064.0,0,1,1
Ireland,4.99,69.1,98.4,1.130890052,2.8,103.7,1329,3183.0,4783.0,11064.0,0,1,2
Ireland,4.99,69.1,98.4,1.130890052,2.8,103.7,1329,3183.0,4783.0,11064.0,0,1,2
Ireland,4.99,69.1,98.4,1.130890052,2.8,103.7,1329,3183.0,4783.0,11064.0,0,1,2
Ireland,4.99,69.1,98.4,1.130890052,2.8,103.7,1329,3183.0,4783.0,11064.0,0,1,2
Ireland,4.99,69.1,98.4,1.130890052,2.8,103.7,1329,3183.0,4783.0,11064.0,0,1,1
Ireland,4.99,69.1,98.4,1.130890052,2.8,103.7,1329,3183.0,4783.0,11064.0,0,1,2
Ireland,4.99,69.1,98.4,1.130890052,2.8,103.7,1329,3183.0,4783.0,11064.0,0,1,1
Israel,0.68,384.5,98.7,1.732919255,3.6,133.5,61,246.0,737.0,9486.0,0,1,1
Israel,0.68,384.5,98.7,1.732919255,3.6,133.5,213,951.0,3060.0,11733.0,1,0,1
Israel,0.68,384.5,98.7,1.732919255,3.6,133.5,213,951.0,3060.0,11733.0,1,0,1
Israel,0.68,384.5,98.7,1.732919255,3.6,133.5,61,246.0,737.0,9486.0,0,1,1
Israel,0.68,384.5,98.7,1.732919255,3.6,133.5,20,103.0,242.0,8026.0,0,1,2
Israel,0.68,384.5,98.7,1.732919255,3.6,133.5,304,2337.0,4998.0,12694.0,0,1,2
Israel,0.68,384.5,98.7,1.732919255,3.6,133.5,100,449.0,1303.0,11521.0,0,1,2
Israel,0.68,384.5,98.7,1.732919255,3.6,133.5,20,103.0,242.0,8026.0,0,1,1
Israel,0.68,384.5,98.7,1.732919255,3.6,133.5,250,1303.0,4535.0,13113.0,0,1,3
Israel,0.68,384.5,98.7,1.732919255,3.6,133.5,61,246.0,737.0,9486.0,0,1,1
Israel,0.68,384.5,98.7,1.732919255,3.6,133.5,20,103.0,242.0,8026.0,0,1,2
Israel,0.68,384.5,98.7,1.732919255,3.6,133.5,0,0.0,0.0,1.0,0,1,1
Israel,0.68,384.5,98.7,1.732919255,3.6,133.5,0,0.0,0.0,2.0,0,1,2
Israel,0.68,384.5,98.7,1.732919255,3.6,133.5,0,0.0,0.0,3.0,0,1,1
Israel,0.68,384.5,98.7,1.732919255,3.6,133.5,0,0.0,0.0,62.0,0,1,1
Israel,0.68,384.5,98.7,1.732919255,3.6,133.5,0,0.0,0.0,22.0,0,1,1
Israel,0.68,384.5,98.7,1.732919255,3.6,133.5,0,0.0,0.0,22.0,0,1,2
Israel,0.68,384.5,98.7,1.732919255,3.6,133.5,0,0.0,0.0,22.0,0,1,2
Israel,0.68,384.5,98.7,1.732919255,3.6,133.5,0,0.0,0.0,22.0,0,1,1
Israel,0.68,384.5,98.7,1.732919255,3.6,133.5,0,0.0,0.0,24.0,0,1,1
Israel,0.68,384.5,98.7,1.732919255,3.6,133.5,0,1.0,3.0,242.0,1,0,1
Israel,0.68,384.5,98.7,1.732919255,3.6,133.5,0,0.0,1.0,88.0,0,1,1
Israel,0.68,384.5,98.7,1.732919255,3.6,133.5,0,0.0,1.0,103.0,0,1,1
Israel,0.68,384.5,98.7,1.732919255,3.6,133.5,0,0.0,1.0,103.0,0,1,1
Israel,0.68,384.5,98.7,1.732919255,3.6,133.5,0,1.0,8.0,313.0,0,1,1
Israel,0.68,384.5,98.7,1.732919255,3.6,133.5,1,16.0,57.0,2337.0,0,1,2
Israel,0.68,384.5,98.7,1.732919255,3.6,133.5,1,16.0,57.0,2337.0,0,1,1
Israel,0.68,384.5,98.7,1.732919255,3.6,133.5,3,24.0,75.0,3613.0,0,1,1
Israel,0.68,384.5,98.7,1.732919255,3.6,133.5,304,2337.0,4998.0,12694.0,0,1,1
Israel,0.68,384.5,98.7,1.732919255,3.6,133.5,4,42.0,88.0,4535.0,0,1,1
Israel,0.68,384.5,98.7,1.732919255,3.6,133.5,20,103.0,242.0,8026.0,0,1,2
Israel,0.68,384.5,98.7,1.732919255,3.6,133.5,20,103.0,242.0,8026.0,0,1,1
Israel,0.68,384.5,98.7,1.732919255,3.6,133.5,20,103.0,242.0,8026.0,0,1,1
Israel,0.68,384.5,98.7,1.732919255,3.6,133.5,883,4535.0,7700.0,13570.0,1,0,2
Israel,0.68,384.5,98.7,1.732919255,3.6,133.5,2369,6398.0,9127.0,14187.0,0,1,3
Israel,0.68,384.5,98.7,1.732919255,3.6,133.5,427,3302.0,5506.0,13269.0,0,1,3
Israel,0.68,384.5,98.7,1.732919255,3.6,133.5,427,3302.0,5506.0,13269.0,0,1,1
Israel,0.68,384.5,98.7,1.732919255,3.6,133.5,427,3302.0,5506.0,13269.0,0,1,1
Italy,2.07,201.8,95.1,0.4591836735,3.9,151.3,12462,36952.0,65517.0,140790.0,0,1,1
Italy,2.07,201.8,95.1,0.4591836735,3.9,151.3,2,2.0,3.0,1761.5,0,1,2
Italy,2.07,201.8,95.1,0.4591836735,3.9,151.3,2,2.0,3.0,1761.5,0,1,2
Italy,2.07,201.8,95.1,0.4591836735,3.9,151.3,7375,26045.0,49252.0,132547.0,1,0,3
Italy,2.07,201.8,95.1,0.4591836735,3.9,151.3,20,1160.5,3236.0,61360.0,0,1,1
Italy,2.07,201.8,95.1,0.4591836735,3.9,151.3,31506,70434.0,99040.0,145183.0,0,1,2
Italy,2.07,201.8,95.1,0.4591836735,3.9,151.3,31506,70434.0,99040.0,145183.0,0,1,1
Italy,2.07,201.8,95.1,0.4591836735,3.9,151.3,31506,70434.0,99040.0,145183.0,0,1,1
Italy,2.07,201.8,95.1,0.4591836735,3.9,151.3,31506,70434.0,99040.0,145183.0,0,1,1
Italy,2.07,201.8,95.1,0.4591836735,3.9,151.3,31506,70434.0,99040.0,145183.0,0,1,2
Italy,2.07,201.8,95.1,0.4591836735,3.9,151.3,47021,88615.0,110961.0,145183.0,0,1,3
Italy,2.07,201.8,95.1,0.4591836735,3.9,151.3,63927,102687.0,124538.0,148953.0,0,1,2
Italy,2.07,201.8,95.1,0.4591836735,3.9,151.3,47021,88615.0,110961.0,145183.0,0,1,2
Italy,2.07,201.8,95.1,0.4591836735,3.9,151.3,0,0.0,2.0,68.0,0,1,1
Italy,2.07,201.8,95.1,0.4591836735,3.9,151.3,63927,102687.0,124538.0,148953.0,0,1,3
Italy,2.07,201.8,95.1,0.4591836735,3.9,151.3,63927,102687.0,124538.0,148953.0,0,1,3
Italy,2.07,201.8,95.1,0.4591836735,3.9,151.3,47021,88615.0,110961.0,145183.0,0,1,2
Italy,2.07,201.8,95.1,0.4591836735,3.9,151.3,47021,88615.0,110961.0,145183.0,0,1,1
Italy,2.07,201.8,95.1,0.4591836735,3.9,151.3,27980,65517.0,94076.0,145183.0,0,1,1
Italy,2.07,201.8,95.1,0.4591836735,3.9,151.3,12462,36952.0,65517.0,140790.0,0,1,1
Italy,2.07,201.8,95.1,0.4591836735,3.9,151.3,9172,28781.0,55647.0,132547.0,0,1,1
Italy,2.07,201.8,95.1,0.4591836735,3.9,151.3,322,2595.5,7857.0,82346.0,0,1,1
Italy,2.07,201.8,95.1,0.4591836735,3.9,151.3,3089,12550.0,28781.0,120173.0,0,1,2
Italy,2.07,201.8,95.1,0.4591836735,3.9,151.3,17660,49252.0,76246.0,139062.0,0,1,2
Italy,2.07,201.8,95.1,0.4591836735,3.9,151.3,20,1160.5,3236.0,61360.0,0,1,1
Italy,2.07,201.8,95.1,0.4591836735,3.9,151.3,155,1761.5,4950.0,70434.0,1,0,3
Italy,2.07,201.8,95.1,0.4591836735,3.9,151.3,7375,26045.0,49252.0,132547.0,1,0,3
Italy,2.07,201.8,95.1,0.4591836735,3.9,151.3,0,0.0,2.0,13.0,0,1,2
Italy,2.07,201.8,95.1,0.4591836735,3.9,151.3,0,2.0,3.0,569.5,0,1,1
Japan,0.56,349.7,95.4,0.3862275449,2.3,125.0,701,968.0,1301.0,4958.0,0,1,1
Japan,0.56,349.7,95.4,0.3862275449,2.3,125.0,701,968.0,1301.0,4958.0,0,1,2
Luxembourg,8.97,225.3,101.0,0.8367346939,2.9,148.5,77,882.0,1791.0,3467.0,0,1,3
Luxembourg,8.97,225.3,101.0,0.8367346939,2.9,148.5,77,882.0,1791.0,3467.0,0,1,1
Luxembourg,8.97,225.3,101.0,0.8367346939,2.9,148.5,77,882.0,1791.0,3467.0,0,1,1
Luxembourg,8.97,225.3,101.0,0.8367346939,2.9,148.5,1,2.0,24.0,1950.0,1,0,1
Luxembourg,8.97,225.3,101.0,0.8367346939,2.9,148.5,203,1389.0,1950.0,3467.0,0,1,2
Luxembourg,8.97,225.3,101.0,0.8367346939,2.9,148.5,140,1067.0,1958.0,3467.0,0,1,3
Luxembourg,8.97,225.3,101.0,0.8367346939,2.9,148.5,140,1067.0,1958.0,3467.0,0,1,2
Luxembourg,8.97,225.3,101.0,0.8367346939,2.9,148.5,34,528.0,1389.0,3181.0,0,1,1
Luxembourg,8.97,225.3,101.0,0.8367346939,2.9,148.5,34,528.0,1389.0,3181.0,0,1,1
Luxembourg,8.97,225.3,101.0,0.8367346939,2.9,148.5,34,528.0,1389.0,3181.0,0,1,1
Luxembourg,8.97,225.3,101.0,0.8367346939,2.9,148.5,203,1389.0,1950.0,3467.0,0,1,1
Luxembourg,8.97,225.3,101.0,0.8367346939,2.9,148.5,7,249.0,882.0,3075.0,0,1,2
Luxembourg,8.97,225.3,101.0,0.8367346939,2.9,148.5,335,1502.0,2051.0,3467.0,0,1,1
Luxembourg,8.97,225.3,101.0,0.8367346939,2.9,148.5,484,1549.0,2291.0,3513.0,0,1,1
Luxembourg,8.97,225.3,101.0,0.8367346939,2.9,148.5,875,1950.0,2612.0,3627.0,0,1,1
Malaysia,-0.3,96.3,106.7,2.505154639,1.3,143.9,149,802.0,1550.0,4414.0,0,1,1
Malaysia,-0.3,96.3,106.7,2.505154639,1.3,143.9,149,802.0,1550.0,4414.0,0,1,1
Malaysia,-0.3,96.3,106.7,2.505154639,1.3,143.9,197,1077.0,1811.0,4390.0,0,1,2
Malaysia,-0.3,96.3,106.7,2.505154639,1.3,143.9,99,425.0,1077.0,3931.0,1,0,2
Malaysia,-0.3,96.3,106.7,2.505154639,1.3,143.9,197,1077.0,1811.0,4390.0,0,1,1
Malaysia,-0.3,96.3,106.7,2.505154639,1.3,143.9,1183,2336.0,3132.0,5090.0,1,0,2
Malaysia,-0.3,96.3,106.7,2.505154639,1.3,143.9,790,1811.0,2670.0,4925.0,0,1,2
Malaysia,-0.3,96.3,106.7,2.505154639,1.3,143.9,673,1714.0,2506.0,5011.0,0,1,2
Malaysia,-0.3,96.3,106.7,2.505154639,1.3,143.9,673,1714.0,2506.0,5011.0,0,1,2
Malaysia,-0.3,96.3,106.7,2.505154639,1.3,143.9,673,1714.0,2506.0,5011.0,0,1,2
Malaysia,-0.3,96.3,106.7,2.505154639,1.3,143.9,790,1811.0,2670.0,4925.0,0,1,3
Malaysia,-0.3,96.3,106.7,2.505154639,1.3,143.9,790,1811.0,2670.0,4925.0,0,1,2
Malaysia,-0.3,96.3,106.7,2.505154639,1.3,143.9,790,1811.0,2670.0,4925.0,0,1,2
Malaysia,-0.3,96.3,106.7,2.505154639,1.3,143.9,790,1811.0,2670.0,4925.0,0,1,2
Malaysia,-0.3,96.3,106.7,2.505154639,1.3,143.9,790,1811.0,2670.0,4925.0,0,1,2
Malaysia,-0.3,96.3,106.7,2.505154639,1.3,143.9,790,1811.0,2670.0,4925.0,0,1,2
Malaysia,-0.3,96.3,106.7,2.505154639,1.3,143.9,790,1811.0,2670.0,4925.0,0,1,1
Malaysia,-0.3,96.3,106.7,2.505154639,1.3,143.9,790,1811.0,2670.0,4925.0,0,1,3
Malaysia,-0.3,96.3,106.7,2.505154639,1.3,143.9,790,1811.0,2670.0,4925.0,0,1,2
Malaysia,-0.3,96.3,106.7,2.505154639,1.3,143.9,790,1811.0,2670.0,4925.0,0,1,1
Malaysia,-0.3,96.3,106.7,2.505154639,1.3,143.9,790,1811.0,2670.0,4925.0,0,1,2
Malaysia,-0.3,96.3,106.7,2.505154639,1.3,143.9,790,1811.0,2670.0,4925.0,0,1,1
Malaysia,-0.3,96.3,106.7,2.505154639,1.3,143.9,566,1550.0,2336.0,4837.0,0,1,1
Malaysia,-0.3,96.3,106.7,2.505154639,1.3,143.9,790,1811.0,2670.0,4925.0,0,1,2
Malaysia,-0.3,96.3,106.7,2.505154639,1.3,143.9,1624,2801.0,3648.0,5218.0,0,1,3
Malaysia,-0.3,96.3,106.7,2.505154639,1.3,143.9,1624,2801.0,3648.0,5218.0,0,1,1
Malaysia,-0.3,96.3,106.7,2.505154639,1.3,143.9,1306,2506.0,3376.0,5135.0,1,0,2
Malaysia,-0.3,96.3,106.7,2.505154639,1.3,143.9,1306,2506.0,3376.0,5135.0,1,0,2
Malaysia,-0.3,96.3,106.7,2.505154639,1.3,143.9,1306,2506.0,3376.0,5135.0,1,0,1
Malaysia,-0.3,96.3,106.7,2.505154639,1.3,143.9,99,425.0,1077.0,3931.0,1,0,2
Malaysia,-0.3,96.3,106.7,2.505154639,1.3,143.9,149,940.0,1714.0,4282.0,0,1,2
Malaysia,-0.3,96.3,106.7,2.505154639,1.3,143.9,149,940.0,1714.0,4282.0,0,1,1
Malaysia,-0.3,96.3,106.7,2.505154639,1.3,143.9,566,1550.0,2336.0,4837.0,0,1,1
Malaysia,-0.3,96.3,106.7,2.505154639,1.3,143.9,428,1382.0,2262.0,4516.0,1,0,2
Malaysia,-0.3,96.3,106.7,2.505154639,1.3,143.9,790,1811.0,2670.0,4925.0,0,1,2
Mexico,-4.87,66.4,99.2,2.6435643559999997,2.1,85.3,316,986.0,1645.0,3852.0,0,1,1
Mexico,-4.87,66.4,99.2,2.6435643559999997,2.1,85.3,316,986.0,1645.0,3852.0,0,1,1
Mexico,-4.87,66.4,99.2,2.6435643559999997,2.1,85.3,164,589.0,1180.0,3392.0,0,1,1
Morocco,-0.98,80.1,98.1,2.560747664,0.6,126.9,17,105.0,288.0,1578.0,1,0,2
Morocco,-0.98,80.1,98.1,2.560747664,0.6,126.9,28,121.0,348.0,1604.0,1,0,2
Morocco,-0.98,80.1,98.1,2.560747664,0.6,126.9,28,121.0,348.0,1604.0,1,0,1
Morocco,-0.98,80.1,98.1,2.560747664,0.6,126.9,28,121.0,348.0,1604.0,1,0,2
Morocco,-0.98,80.1,98.1,2.560747664,0.6,126.9,29,145.0,411.0,1694.0,0,1,1
Morocco,-0.98,80.1,98.1,2.560747664,0.6,126.9,29,145.0,411.0,1694.0,0,1,1
Morocco,-0.98,80.1,98.1,2.560747664,0.6,126.9,7,87.0,225.0,1544.0,0,1,1
Netherlands,2.91,505.2,99.0,0.6559999999999999,3.4,123.5,128,742.0,2063.0,17029.0,0,1,1
Netherlands,2.91,505.2,99.0,0.6559999999999999,3.4,123.5,503,2462.0,5442.0,21162.0,0,1,1
Netherlands,2.91,505.2,99.0,0.6559999999999999,3.4,123.5,1416,4699.0,9690.0,24980.0,0,1,1
Netherlands,2.91,505.2,99.0,0.6559999999999999,3.4,123.5,1138,4239.0,8531.0,24178.0,1,0,1
Netherlands,2.91,505.2,99.0,0.6559999999999999,3.4,123.5,1138,4239.0,8531.0,24178.0,1,0,1
Netherlands,2.91,505.2,99.0,0.6559999999999999,3.4,123.5,1416,4699.0,9690.0,24980.0,0,1,2
Netherlands,2.91,505.2,99.0,0.6559999999999999,3.4,123.5,4764,11490.0,16001.0,30837.0,0,1,1
Netherlands,2.91,505.2,99.0,0.6559999999999999,3.4,123.5,4764,11490.0,16001.0,30837.0,0,1,1
Netherlands,2.91,505.2,99.0,0.6559999999999999,3.4,123.5,4764,11490.0,16001.0,30837.0,0,1,2
Netherlands,2.91,505.2,99.0,0.6559999999999999,3.4,123.5,4764,11490.0,16001.0,30837.0,0,1,1
Netherlands,2.91,505.2,99.0,0.6559999999999999,3.4,123.5,4764,11490.0,16001.0,30837.0,0,1,1
Netherlands,2.91,505.2,99.0,0.6559999999999999,3.4,123.5,4764,11490.0,16001.0,30837.0,0,1,1
Netherlands,2.91,505.2,99.0,0.6559999999999999,3.4,123.5,5580,12199.0,17029.0,31394.0,0,1,1
New Zealand,4.05,17.9,96.7,0.9519230769,2.9,121.8,6,59.0,299.0,1456.0,1,0,1
New Zealand,4.05,17.9,96.7,0.9519230769,2.9,121.8,5,44.0,228.0,1427.0,0,1,2
New Zealand,4.05,17.9,96.7,0.9519230769,2.9,121.8,39,388.0,700.0,1701.0,0,1,2
New Zealand,4.05,17.9,96.7,0.9519230769,2.9,121.8,12,148.0,525.0,1633.0,0,1,2
New Zealand,4.05,17.9,96.7,0.9519230769,2.9,121.8,28,299.0,652.0,1701.0,0,1,1
New Zealand,4.05,17.9,96.7,0.9519230769,2.9,121.8,28,299.0,652.0,1701.0,0,1,2
New Zealand,4.05,17.9,96.7,0.9519230769,2.9,121.8,6,59.0,299.0,1456.0,1,0,2
New Zealand,4.05,17.9,96.7,0.9519230769,2.9,121.8,20,228.0,581.0,1667.0,0,1,1
New Zealand,4.05,17.9,96.7,0.9519230769,2.9,121.8,28,299.0,652.0,1701.0,0,1,1
New Zealand,4.05,17.9,96.7,0.9519230769,2.9,121.8,39,388.0,700.0,1701.0,0,1,1
New Zealand,4.05,17.9,96.7,0.9519230769,2.9,121.8,52,469.0,784.0,1715.0,1,0,2
New Zealand,4.05,17.9,96.7,0.9519230769,2.9,121.8,52,469.0,784.0,1715.0,1,0,1
New Zealand,4.05,17.9,96.7,0.9519230769,2.9,121.8,52,469.0,784.0,1715.0,1,0,2
New Zealand,4.05,17.9,96.7,0.9519230769,2.9,121.8,52,469.0,784.0,1715.0,1,0,1
New Zealand,4.05,17.9,96.7,0.9519230769,2.9,121.8,52,469.0,784.0,1715.0,1,0,2
New Zealand,4.05,17.9,96.7,0.9519230769,2.9,121.8,52,469.0,784.0,1715.0,1,0,1
New Zealand,4.05,17.9,96.7,0.9519230769,2.9,121.8,102,581.0,924.0,1950.0,0,1,1
New Zealand,4.05,17.9,96.7,0.9519230769,2.9,121.8,102,525.0,866.0,1895.0,1,0,2
New Zealand,4.05,17.9,96.7,0.9519230769,2.9,121.8,102,525.0,866.0,1895.0,1,0,2
New Zealand,4.05,17.9,96.7,0.9519230769,2.9,121.8,52,469.0,784.0,1715.0,1,0,1
New Zealand,4.05,17.9,96.7,0.9519230769,2.9,121.8,52,469.0,784.0,1715.0,1,0,2
New Zealand,4.05,17.9,96.7,0.9519230769,2.9,121.8,52,469.0,784.0,1715.0,1,0,1
New Zealand,4.05,17.9,96.7,0.9519230769,2.9,121.8,102,581.0,924.0,1950.0,0,1,2
New Zealand,4.05,17.9,96.7,0.9519230769,2.9,121.8,102,581.0,924.0,1950.0,0,1,3
New Zealand,4.05,17.9,96.7,0.9519230769,2.9,121.8,205,700.0,1078.0,1950.0,0,1,1
New Zealand,4.05,17.9,96.7,0.9519230769,2.9,121.8,102,581.0,924.0,1950.0,0,1,1
New Zealand,4.05,17.9,96.7,0.9519230769,2.9,121.8,102,581.0,924.0,1950.0,0,1,1
New Zealand,4.05,17.9,96.7,0.9519230769,2.9,121.8,205,700.0,1078.0,1950.0,0,1,1
New Zealand,4.05,17.9,96.7,0.9519230769,2.9,121.8,102,581.0,924.0,1950.0,0,1,2
New Zealand,4.05,17.9,96.7,0.9519230769,2.9,121.8,205,700.0,1078.0,1950.0,0,1,2
New Zealand,4.05,17.9,96.7,0.9519230769,2.9,121.8,205,700.0,1078.0,1950.0,0,1,2
New Zealand,4.05,17.9,96.7,0.9519230769,2.9,121.8,5,33.0,148.0,1290.0,0,1,2
New Zealand,4.05,17.9,96.7,0.9519230769,2.9,121.8,102,581.0,924.0,1950.0,0,1,2
Norway,1.74,14.5,101.8,0.798206278,4.4,113.6,1221,2431.0,3834.0,6460.0,1,0,2
Norway,1.74,14.5,101.8,0.798206278,4.4,113.6,1221,2431.0,3834.0,6460.0,1,0,2
Norway,1.74,14.5,101.8,0.798206278,4.4,113.6,996,2007.0,3142.0,6422.0,0,1,1
Norway,1.74,14.5,101.8,0.798206278,4.4,113.6,702,1773.0,2918.0,6422.0,0,1,1
Norway,1.74,14.5,101.8,0.798206278,4.4,113.6,702,1773.0,2918.0,6422.0,0,1,1
Norway,1.74,14.5,101.8,0.798206278,4.4,113.6,1090,2163.0,3422.0,6460.0,1,0,1
Norway,1.74,14.5,101.8,0.798206278,4.4,113.6,1090,2163.0,3422.0,6460.0,1,0,1
Norway,1.74,14.5,101.8,0.798206278,4.4,113.6,1463,2918.0,4330.0,7021.0,0,1,1
Norway,1.74,14.5,101.8,0.798206278,4.4,113.6,1463,2918.0,4330.0,7021.0,0,1,1
Norway,1.74,14.5,101.8,0.798206278,4.4,113.6,1333,2706.0,4160.0,6732.0,0,1,2
Norway,1.74,14.5,101.8,0.798206278,4.4,113.6,1914,3834.0,4899.0,7351.0,0,1,2
Norway,1.74,14.5,101.8,0.798206278,4.4,113.6,2118,4160.0,5198.0,7282.0,1,0,2
Norway,1.74,14.5,101.8,0.798206278,4.4,113.6,2385,4330.0,5439.0,7568.0,1,0,2
Norway,1.74,14.5,101.8,0.798206278,4.4,113.6,1746,3422.0,4653.0,7012.0,0,1,1
Pakistan,-2.77,255.6,105.6,5.194029851,0.8,66.9,2,5.0,23.0,1618.0,0,1,2
Pakistan,-2.77,255.6,105.6,5.194029851,0.8,66.9,2,5.0,23.0,1618.0,0,1,2
Pakistan,-2.77,255.6,105.6,5.194029851,0.8,66.9,28,588.0,1118.0,4410.0,0,1,1
Pakistan,-2.77,255.6,105.6,5.194029851,0.8,66.9,0,2.0,4.0,732.0,0,1,2
Pakistan,-2.77,255.6,105.6,5.194029851,0.8,66.9,0,4.0,6.0,1118.0,0,1,1
Pakistan,-2.77,255.6,105.6,5.194029851,0.8,66.9,0,4.0,6.0,1118.0,0,1,2
Pakistan,-2.77,255.6,105.6,5.194029851,0.8,66.9,6,25.0,346.0,3127.0,0,1,1
Pakistan,-2.77,255.6,105.6,5.194029851,0.8,66.9,236,1008.0,1618.0,4805.0,0,1,1
Pakistan,-2.77,255.6,105.6,5.194029851,0.8,66.9,454,1238.0,1964.0,4914.0,0,1,1
Pakistan,-2.77,255.6,105.6,5.194029851,0.8,66.9,454,1238.0,1964.0,4914.0,0,1,2
Pakistan,-2.77,255.6,105.6,5.194029851,0.8,66.9,454,1238.0,1964.0,4914.0,0,1,2
Pakistan,-2.77,255.6,105.6,5.194029851,0.8,66.9,454,1238.0,1964.0,4914.0,0,1,1
Pakistan,-2.77,255.6,105.6,5.194029851,0.8,66.9,501,1426.0,2206.0,4914.0,0,1,2
Pakistan,-2.77,255.6,105.6,5.194029851,0.8,66.9,0,0.0,0.0,25.0,0,1,2
Panama,-0.91,55.1,100.4,2.403508772,1.6,174.2,27,148.0,406.0,2639.0,0,1,1
Panama,-0.91,55.1,100.4,2.403508772,1.6,174.2,27,148.0,406.0,2639.0,0,1,1
Panama,-0.91,55.1,100.4,2.403508772,1.6,174.2,27,148.0,406.0,2639.0,0,1,1
Panama,-0.91,55.1,100.4,2.403508772,1.6,174.2,27,148.0,406.0,2639.0,0,1,1
Panama,-0.91,55.1,100.4,2.403508772,1.6,174.2,313,894.0,1454.0,3517.0,1,0,2
Panama,-0.91,55.1,100.4,2.403508772,1.6,174.2,27,148.0,406.0,2639.0,0,1,2
Panama,-0.91,55.1,100.4,2.403508772,1.6,174.2,55,386.0,790.0,3210.0,0,1,2
Panama,-0.91,55.1,100.4,2.403508772,1.6,174.2,86,406.0,976.0,3409.0,0,1,2
Panama,-0.91,55.1,100.4,2.403508772,1.6,174.2,109,591.0,1142.0,3409.0,0,1,1
Panama,-0.91,55.1,100.4,2.403508772,1.6,174.2,109,591.0,1142.0,3409.0,0,1,1
Panama,-0.91,55.1,100.4,2.403508772,1.6,174.2,109,591.0,1142.0,3409.0,0,1,1
Panama,-0.91,55.1,100.4,2.403508772,1.6,174.2,109,591.0,1142.0,3409.0,0,1,1
Panama,-0.91,55.1,100.4,2.403508772,1.6,174.2,0,0.0,0.0,0.0,0,1,1
Panama,-0.91,55.1,100.4,2.403508772,1.6,174.2,313,894.0,1454.0,3517.0,1,0,2
Panama,-0.91,55.1,100.4,2.403508772,1.6,174.2,109,591.0,1142.0,3409.0,0,1,2
Panama,-0.91,55.1,100.4,2.403508772,1.6,174.2,109,591.0,1142.0,3409.0,0,1,1
Panama,-0.91,55.1,100.4,2.403508772,1.6,174.2,109,591.0,1142.0,3409.0,0,1,1
Panama,-0.91,55.1,100.4,2.403508772,1.6,174.2,0,0.0,0.0,0.0,1,0,2
Panama,-0.91,55.1,100.4,2.403508772,1.6,174.2,137,701.0,1221.0,3409.0,0,1,2
Panama,-0.91,55.1,100.4,2.403508772,1.6,174.2,69,345.0,894.0,3321.0,0,1,1
Panama,-0.91,55.1,100.4,2.403508772,1.6,174.2,69,345.0,894.0,3321.0,0,1,2
Panama,-0.91,55.1,100.4,2.403508772,1.6,174.2,69,345.0,894.0,3321.0,0,1,2
Panama,-0.91,55.1,100.4,2.403508772,1.6,174.2,345,1142.0,1776.0,3517.0,0,1,2
Panama,-0.91,55.1,100.4,2.403508772,1.6,174.2,345,1142.0,1776.0,3517.0,0,1,1
Peru,-1.05,25.1,99.8,2.634615385,1.1,109.9,11,157.0,405.0,3163.0,0,1,1
Peru,-1.05,25.1,99.8,2.634615385,1.1,109.9,86,405.0,650.0,4289.0,0,1,2
Peru,-1.05,25.1,99.8,2.634615385,1.1,109.9,86,405.0,650.0,4289.0,0,1,2
Peru,-1.05,25.1,99.8,2.634615385,1.1,109.9,86,405.0,650.0,4289.0,0,1,2
Peru,-1.05,25.1,99.8,2.634615385,1.1,109.9,86,405.0,650.0,4289.0,0,1,2
Peru,-1.05,25.1,99.8,2.634615385,1.1,109.9,145,465.0,990.0,4404.0,0,1,2
Peru,-1.05,25.1,99.8,2.634615385,1.1,109.9,86,405.0,650.0,4289.0,0,1,3
Peru,-1.05,25.1,99.8,2.634615385,1.1,109.9,86,405.0,650.0,4289.0,0,1,2
Peru,-1.05,25.1,99.8,2.634615385,1.1,109.9,86,405.0,650.0,4289.0,0,1,2
Peru,-1.05,25.1,99.8,2.634615385,1.1,109.9,86,405.0,650.0,4289.0,0,1,2
Peru,-1.05,25.1,99.8,2.634615385,1.1,109.9,86,405.0,650.0,4289.0,0,1,2
Peru,-1.05,25.1,99.8,2.634615385,1.1,109.9,11,157.0,405.0,3163.0,0,1,1
Peru,-1.05,25.1,99.8,2.634615385,1.1,109.9,15,237.0,404.0,3573.0,0,1,1
Philippines,-1.5,351.9,101.3,4.171052632,1.275,118.1,140,419.0,826.0,6048.0,1,0,1
Philippines,-1.5,351.9,101.3,4.171052632,1.275,118.1,140,419.0,826.0,6048.0,1,0,2
Philippines,-1.5,351.9,101.3,4.171052632,1.275,118.1,33,183.0,419.0,4689.0,0,1,1
Philippines,-1.5,351.9,101.3,4.171052632,1.275,118.1,140,419.0,826.0,6048.0,1,0,2
Philippines,-1.5,351.9,101.3,4.171052632,1.275,118.1,140,419.0,826.0,6048.0,1,0,1
Philippines,-1.5,351.9,101.3,4.171052632,1.275,118.1,140,419.0,826.0,6048.0,1,0,2
Philippines,-1.5,351.9,101.3,4.171052632,1.275,118.1,140,419.0,826.0,6048.0,1,0,2
Philippines,-1.5,351.9,101.3,4.171052632,1.275,118.1,187,576.0,1537.0,6287.0,0,1,2
Philippines,-1.5,351.9,101.3,4.171052632,1.275,118.1,217,736.0,2042.0,6958.0,0,1,2
Philippines,-1.5,351.9,101.3,4.171052632,1.275,118.1,3,43.0,181.0,2688.0,0,1,2
Philippines,-1.5,351.9,101.3,4.171052632,1.275,118.1,2,5.0,3.0,4.0,1,0,2
Philippines,-1.5,351.9,101.3,4.171052632,1.275,118.1,0,0.0,1.0,3.0,1,0,2
Philippines,-1.5,351.9,101.3,4.171052632,1.275,118.1,1,4.0,3.0,4.0,0,1,1
Philippines,-1.5,351.9,101.3,4.171052632,1.275,118.1,49,232.0,488.0,4598.0,0,1,1
Philippines,-1.5,351.9,101.3,4.171052632,1.275,118.1,49,232.0,488.0,4598.0,0,1,2
Philippines,-1.5,351.9,101.3,4.171052632,1.275,118.1,707,2688.0,4007.0,8762.0,0,1,3
Philippines,-1.5,351.9,101.3,4.171052632,1.275,118.1,111,313.0,736.0,5461.0,1,0,2
Philippines,-1.5,351.9,101.3,4.171052632,1.275,118.1,2,3.0,3.0,8.0,0,1,2
Philippines,-1.5,351.9,101.3,4.171052632,1.275,118.1,552,2042.0,3245.0,7804.0,0,1,1
Philippines,-1.5,351.9,101.3,4.171052632,1.275,118.1,187,576.0,1537.0,6287.0,0,1,1
Philippines,-1.5,351.9,101.3,4.171052632,1.275,118.1,142,488.0,1103.0,5998.0,0,1,1
Philippines,-1.5,351.9,101.3,4.171052632,1.275,118.1,49,232.0,488.0,4598.0,0,1,1
Philippines,-1.5,351.9,101.3,4.171052632,1.275,118.1,0,0.0,2.0,3.0,0,1,1
Philippines,-1.5,351.9,101.3,4.171052632,1.275,118.1,1,4.0,3.0,4.0,0,1,2
Philippines,-1.5,351.9,101.3,4.171052632,1.275,118.1,2,3.0,3.0,8.0,0,1,1
Philippines,-1.5,351.9,101.3,4.171052632,1.275,118.1,1,3.0,3.0,4.0,0,1,1
Philippines,-1.5,351.9,101.3,4.171052632,1.275,118.1,636,2563.0,3696.0,8299.0,0,1,1
Philippines,-1.5,351.9,101.3,4.171052632,1.275,118.1,636,2563.0,3696.0,8299.0,0,1,2
Philippines,-1.5,351.9,101.3,4.171052632,1.275,118.1,636,2563.0,3696.0,8299.0,0,1,2
Philippines,-1.5,351.9,101.3,4.171052632,1.275,118.1,636,2563.0,3696.0,8299.0,0,1,1
Philippines,-1.5,351.9,101.3,4.171052632,1.275,118.1,636,2563.0,3696.0,8299.0,0,1,1
Philippines,-1.5,351.9,101.3,4.171052632,1.275,118.1,636,2563.0,3696.0,8299.0,0,1,2
Philippines,-1.5,351.9,101.3,4.171052632,1.275,118.1,552,2042.0,3245.0,7804.0,0,1,1
Philippines,-1.5,351.9,101.3,4.171052632,1.275,118.1,462,1699.0,3308.0,7804.0,0,1,1
Philippines,-1.5,351.9,101.3,4.171052632,1.275,118.1,380,1537.0,3111.0,8028.0,1,0,2
Philippines,-1.5,351.9,101.3,4.171052632,1.275,118.1,380,1537.0,3111.0,8028.0,1,0,2
Philippines,-1.5,351.9,101.3,4.171052632,1.275,118.1,307,1103.0,2688.0,7621.0,1,0,2
Philippines,-1.5,351.9,101.3,4.171052632,1.275,118.1,142,488.0,1103.0,5998.0,0,1,2
Philippines,-1.5,351.9,101.3,4.171052632,1.275,118.1,142,488.0,1103.0,5998.0,0,1,2
Philippines,-1.5,351.9,101.3,4.171052632,1.275,118.1,187,576.0,1537.0,6287.0,0,1,2
Philippines,-1.5,351.9,101.3,4.171052632,1.275,118.1,380,1537.0,3111.0,8028.0,1,0,2
Philippines,-1.5,351.9,101.3,4.171052632,1.275,118.1,636,2563.0,3696.0,8299.0,0,1,1
Philippines,-1.5,351.9,101.3,4.171052632,1.275,118.1,636,2563.0,3696.0,8299.0,0,1,2
Philippines,-1.5,351.9,101.3,4.171052632,1.275,118.1,64,238.0,666.0,5347.0,0,1,2
Philippines,-1.5,351.9,101.3,4.171052632,1.275,118.1,20,166.0,313.0,4165.0,0,1,2
Philippines,-1.5,351.9,101.3,4.171052632,1.275,118.1,33,183.0,419.0,4689.0,0,1,1
Philippines,-1.5,351.9,101.3,4.171052632,1.275,118.1,49,232.0,488.0,4598.0,0,1,1
Philippines,-1.5,351.9,101.3,4.171052632,1.275,118.1,52,227.0,576.0,4885.0,0,1,1
Philippines,-1.5,351.9,101.3,4.171052632,1.275,118.1,187,576.0,1537.0,6287.0,0,1,2
Poland,-0.49,124.6,93.4,0.6166666667,2.3,148.7,68,461.0,1062.0,6279.0,0,1,1
Poland,-0.49,124.6,93.4,0.6166666667,2.3,148.7,68,461.0,1062.0,6279.0,0,1,2
Poland,-0.49,124.6,93.4,0.6166666667,2.3,148.7,49,335.0,898.0,6199.0,0,1,1
Poland,-0.49,124.6,93.4,0.6166666667,2.3,148.7,49,335.0,898.0,6199.0,0,1,1
Poland,-0.49,124.6,93.4,0.6166666667,2.3,148.7,119,647.0,1382.0,6521.0,1,0,2
Poland,-0.49,124.6,93.4,0.6166666667,2.3,148.7,901,2245.0,3903.0,8699.0,0,1,1
Poland,-0.49,124.6,93.4,0.6166666667,2.3,148.7,901,2245.0,3903.0,8699.0,0,1,1
Poland,-0.49,124.6,93.4,0.6166666667,2.3,148.7,119,647.0,1382.0,6521.0,1,0,2
Poland,-0.49,124.6,93.4,0.6166666667,2.3,148.7,103,541.0,1219.0,6389.0,1,0,1
Poland,-0.49,124.6,93.4,0.6166666667,2.3,148.7,68,461.0,1062.0,6279.0,0,1,2
Poland,-0.49,124.6,93.4,0.6166666667,2.3,148.7,22,261.0,647.0,5157.0,0,1,2
Poland,-0.49,124.6,93.4,0.6166666667,2.3,148.7,16,178.0,541.0,4983.0,0,1,1
Poland,-0.49,124.6,93.4,0.6166666667,2.3,148.7,0,0.0,10.0,1219.0,0,1,1
Poland,-0.49,124.6,93.4,0.6166666667,2.3,148.7,0,0.0,0.0,0.0,0,1,1
Poland,-0.49,124.6,93.4,0.6166666667,2.3,148.7,251,1062.0,2030.0,6999.0,0,1,2
Poland,-0.49,124.6,93.4,0.6166666667,2.3,148.7,119,647.0,1382.0,6521.0,1,0,2
Poland,-0.49,124.6,93.4,0.6166666667,2.3,148.7,901,2245.0,3903.0,8699.0,0,1,3
Poland,-0.49,124.6,93.4,0.6166666667,2.3,148.7,1051,2520.0,4359.0,9355.0,0,1,2
Portugal,3.57,112.8,89.8,0.4874551971,4.4,110.4,41,464.0,1593.0,12355.0,0,1,2
Portugal,3.57,112.8,89.8,0.4874551971,4.4,110.4,41,464.0,1593.0,12355.0,0,1,2
Portugal,3.57,112.8,89.8,0.4874551971,4.4,110.4,331,2081.0,5172.0,16110.0,0,1,1
Portugal,3.57,112.8,89.8,0.4874551971,4.4,110.4,331,2081.0,5172.0,16110.0,0,1,2
Portugal,3.57,112.8,89.8,0.4874551971,4.4,110.4,331,2081.0,5172.0,16110.0,0,1,1
Portugal,3.57,112.8,89.8,0.4874551971,4.4,110.4,331,2081.0,5172.0,16110.0,0,1,1
Portugal,3.57,112.8,89.8,0.4874551971,4.4,110.4,331,2081.0,5172.0,16110.0,0,1,2
Portugal,3.57,112.8,89.8,0.4874551971,4.4,110.4,245,1593.0,4262.0,16110.0,1,0,2
Portugal,3.57,112.8,89.8,0.4874551971,4.4,110.4,245,1593.0,4262.0,16110.0,1,0,2
Portugal,3.57,112.8,89.8,0.4874551971,4.4,110.4,59,718.0,2449.0,14433.0,0,1,2
Portugal,3.57,112.8,89.8,0.4874551971,4.4,110.4,59,718.0,2449.0,14433.0,0,1,2
Portugal,3.57,112.8,89.8,0.4874551971,4.4,110.4,112,1159.0,2922.0,15139.0,0,1,1
Portugal,3.57,112.8,89.8,0.4874551971,4.4,110.4,1600,6032.0,9604.0,18276.0,1,0,2
Portugal,3.57,112.8,89.8,0.4874551971,4.4,110.4,1020,4262.0,8315.0,18276.0,0,1,1
Portugal,3.57,112.8,89.8,0.4874551971,4.4,110.4,1280,5172.0,8887.0,18276.0,1,0,2
Portugal,3.57,112.8,89.8,0.4874551971,4.4,110.4,1020,4262.0,8315.0,18276.0,0,1,2
Portugal,3.57,112.8,89.8,0.4874551971,4.4,110.4,1020,4262.0,8315.0,18276.0,0,1,1
Portugal,3.57,112.8,89.8,0.4874551971,4.4,110.4,1020,4262.0,8315.0,18276.0,0,1,1
Portugal,3.57,112.8,89.8,0.4874551971,4.4,110.4,1020,4262.0,8315.0,18276.0,0,1,2
Portugal,3.57,112.8,89.8,0.4874551971,4.4,110.4,1280,5172.0,8887.0,18276.0,1,0,2
Portugal,3.57,112.8,89.8,0.4874551971,4.4,110.4,2060,6366.0,10287.0,19820.0,0,1,1
Portugal,3.57,112.8,89.8,0.4874551971,4.4,110.4,1280,5172.0,8887.0,18276.0,1,0,1
Portugal,3.57,112.8,89.8,0.4874551971,4.4,110.4,1280,5172.0,8887.0,18276.0,1,0,1
Portugal,3.57,112.8,89.8,0.4874551971,4.4,110.4,2995,8315.0,11333.0,19820.0,0,1,2
Portugal,3.57,112.8,89.8,0.4874551971,4.4,110.4,59,718.0,2449.0,14433.0,0,1,1
Portugal,3.57,112.8,89.8,0.4874551971,4.4,110.4,59,718.0,2449.0,14433.0,0,1,1
Qatar,16.29,227.3,301.2,4.964285714,2.0,153.6,18,479.0,470.0,2023.0,0,1,1
Qatar,16.29,227.3,301.2,4.964285714,2.0,153.6,8,297.0,449.0,1616.0,0,1,1
Qatar,16.29,227.3,301.2,4.964285714,2.0,153.6,337,470.0,537.0,2886.0,1,0,2
Qatar,16.29,227.3,301.2,4.964285714,2.0,153.6,337,470.0,537.0,2886.0,1,0,1
Qatar,16.29,227.3,301.2,4.964285714,2.0,153.6,452,526.0,661.0,3244.0,0,1,2
Qatar,16.29,227.3,301.2,4.964285714,2.0,153.6,452,526.0,661.0,3244.0,0,1,1
Qatar,16.29,227.3,301.2,4.964285714,2.0,153.6,452,526.0,661.0,3244.0,0,1,1
Romania,-0.13,85.5,94.0,0.6144578313,2.7,107.1,123,370.0,1040.0,5949.0,1,0,1
Romania,-0.13,85.5,94.0,0.6144578313,2.7,107.1,158,594.0,1582.0,6098.0,0,1,1
Romania,-0.13,85.5,94.0,0.6144578313,2.7,107.1,15,156.0,370.0,4725.0,0,1,2
Romania,-0.13,85.5,94.0,0.6144578313,2.7,107.1,15,156.0,370.0,4725.0,0,1,2
Romania,-0.13,85.5,94.0,0.6144578313,2.7,107.1,158,594.0,1582.0,6098.0,0,1,2
Romania,-0.13,85.5,94.0,0.6144578313,2.7,107.1,131,459.0,1308.0,6190.0,1,0,1
Romania,-0.13,85.5,94.0,0.6144578313,2.7,107.1,131,459.0,1308.0,6190.0,1,0,1
Romania,-0.13,85.5,94.0,0.6144578313,2.7,107.1,433,1849.0,3299.0,7826.0,1,0,2
Romania,-0.13,85.5,94.0,0.6144578313,2.7,107.1,433,1849.0,3299.0,7826.0,1,0,1
Romania,-0.13,85.5,94.0,0.6144578313,2.7,107.1,433,1849.0,3299.0,7826.0,1,0,1
Romania,-0.13,85.5,94.0,0.6144578313,2.7,107.1,433,1849.0,3299.0,7826.0,1,0,2
Romania,-0.13,85.5,94.0,0.6144578313,2.7,107.1,433,1849.0,3299.0,7826.0,1,0,2
Romania,-0.13,85.5,94.0,0.6144578313,2.7,107.1,433,1849.0,3299.0,7826.0,1,0,1
Saudi Arabia,-2.71,15.3,132.9,4.5,2.6,176.6,103,487.0,1074.0,3519.0,1,0,2
Saudi Arabia,-2.71,15.3,132.9,4.5,2.6,176.6,45,257.0,739.0,3102.0,0,1,2
Saudi Arabia,-2.71,15.3,132.9,4.5,2.6,176.6,45,257.0,739.0,3102.0,0,1,2
Saudi Arabia,-2.71,15.3,132.9,4.5,2.6,176.6,45,257.0,739.0,3102.0,0,1,2
Saudi Arabia,-2.71,15.3,132.9,4.5,2.6,176.6,103,401.0,1016.0,3483.0,1,0,1
Saudi Arabia,-2.71,15.3,132.9,4.5,2.6,176.6,45,257.0,739.0,3102.0,0,1,2
Saudi Arabia,-2.71,15.3,132.9,4.5,2.6,176.6,45,257.0,739.0,3102.0,0,1,2
Saudi Arabia,-2.71,15.3,132.9,4.5,2.6,176.6,45,257.0,739.0,3102.0,0,1,2
Saudi Arabia,-2.71,15.3,132.9,4.5,2.6,176.6,45,257.0,739.0,3102.0,0,1,2
Saudi Arabia,-2.71,15.3,132.9,4.5,2.6,176.6,20,176.0,487.0,2792.0,0,1,2
Saudi Arabia,-2.71,15.3,132.9,4.5,2.6,176.6,20,176.0,487.0,2792.0,0,1,2
Saudi Arabia,-2.71,15.3,132.9,4.5,2.6,176.6,20,176.0,487.0,2792.0,0,1,2
Saudi Arabia,-2.71,15.3,132.9,4.5,2.6,176.6,15,113.0,401.0,2663.0,0,1,2
Saudi Arabia,-2.71,15.3,132.9,4.5,2.6,176.6,15,113.0,401.0,2663.0,0,1,2
Saudi Arabia,-2.71,15.3,132.9,4.5,2.6,176.6,5,132.0,257.0,2544.0,1,0,2
Saudi Arabia,-2.71,15.3,132.9,4.5,2.6,176.6,5,132.0,257.0,2544.0,1,0,2
Saudi Arabia,-2.71,15.3,132.9,4.5,2.6,176.6,5,132.0,257.0,2544.0,1,0,2
Saudi Arabia,-2.71,15.3,132.9,4.5,2.6,176.6,1104,1980.0,2663.0,4451.0,0,1,2
Saudi Arabia,-2.71,15.3,132.9,4.5,2.6,176.6,1104,1980.0,2663.0,4451.0,0,1,2
Saudi Arabia,-2.71,15.3,132.9,4.5,2.6,176.6,1104,1980.0,2663.0,4451.0,0,1,2
Saudi Arabia,-2.71,15.3,132.9,4.5,2.6,176.6,5,132.0,257.0,2544.0,1,0,2
Saudi Arabia,-2.71,15.3,132.9,4.5,2.6,176.6,15,113.0,401.0,2663.0,0,1,1
Saudi Arabia,-2.71,15.3,132.9,4.5,2.6,176.6,1104,1980.0,2663.0,4451.0,0,1,2
Saudi Arabia,-2.71,15.3,132.9,4.5,2.6,176.6,103,401.0,1016.0,3483.0,1,0,1
Saudi Arabia,-2.71,15.3,132.9,4.5,2.6,176.6,118,594.0,1174.0,3626.0,0,1,1
Saudi Arabia,-2.71,15.3,132.9,4.5,2.6,176.6,118,594.0,1174.0,3626.0,0,1,1
Saudi Arabia,-2.71,15.3,132.9,4.5,2.6,176.6,392,1174.0,1831.0,4217.0,1,0,1
Saudi Arabia,-2.71,15.3,132.9,4.5,2.6,176.6,103,487.0,1074.0,3519.0,1,0,2
Saudi Arabia,-2.71,15.3,132.9,4.5,2.6,176.6,392,1174.0,1831.0,4217.0,1,0,2
Saudi Arabia,-2.71,15.3,132.9,4.5,2.6,176.6,562,1417.0,2098.0,4248.0,0,1,2
Saudi Arabia,-2.71,15.3,132.9,4.5,2.6,176.6,900,1657.0,2544.0,4451.0,0,1,3
Saudi Arabia,-2.71,15.3,132.9,4.5,2.6,176.6,1012,1831.0,2605.0,4451.0,0,1,2
Serbia,-1.33,100.5,95.6,0.6734693878,2.5,120.5,48,225.0,421.0,2974.0,1,0,2
Serbia,-1.33,100.5,95.6,0.6734693878,2.5,120.5,48,225.0,421.0,2974.0,1,0,2
Serbia,-1.33,100.5,95.6,0.6734693878,2.5,120.5,48,225.0,421.0,2974.0,1,0,2
Serbia,-1.33,100.5,95.6,0.6734693878,2.5,120.5,65,295.0,814.0,3210.0,0,1,1
Serbia,-1.33,100.5,95.6,0.6734693878,2.5,120.5,48,225.0,421.0,2974.0,1,0,1
Serbia,-1.33,100.5,95.6,0.6734693878,2.5,120.5,48,225.0,421.0,2974.0,1,0,2
South Africa,-0.29,46.8,96.4,3.452380952,0.8,159.3,7,80.0,277.0,1686.0,0,1,2
South Africa,-0.29,46.8,96.4,3.452380952,0.8,159.3,116,747.0,1310.0,1978.0,0,1,2
South Africa,-0.29,46.8,96.4,3.452380952,0.8,159.3,116,747.0,1310.0,1978.0,0,1,1
South Africa,-0.29,46.8,96.4,3.452380952,0.8,159.3,62,391.0,1234.0,1941.0,0,1,2
South Africa,-0.29,46.8,96.4,3.452380952,0.8,159.3,202,1198.0,1353.0,2010.0,0,1,1
South Africa,-0.29,46.8,96.4,3.452380952,0.8,159.3,202,1198.0,1353.0,2010.0,0,1,1
South Africa,-0.29,46.8,96.4,3.452380952,0.8,159.3,51,277.0,1198.0,1919.0,1,0,1
South Africa,-0.29,46.8,96.4,3.452380952,0.8,159.3,1170,1462.0,1686.0,2229.0,0,1,3
South Africa,-0.29,46.8,96.4,3.452380952,0.8,159.3,1170,1462.0,1686.0,2229.0,0,1,1
South Africa,-0.29,46.8,96.4,3.452380952,0.8,159.3,1170,1462.0,1686.0,2229.0,0,1,2
South Africa,-0.29,46.8,96.4,3.452380952,0.8,159.3,1170,1462.0,1686.0,2229.0,0,1,1
South Africa,-0.29,46.8,96.4,3.452380952,0.8,159.3,1170,1462.0,1686.0,2229.0,0,1,2
South Africa,-0.29,46.8,96.4,3.452380952,0.8,159.3,1170,1462.0,1686.0,2229.0,0,1,2
South Africa,-0.29,46.8,96.4,3.452380952,0.8,159.3,1170,1462.0,1686.0,2229.0,0,1,2
South Africa,-0.29,46.8,96.4,3.452380952,0.8,159.3,1170,1462.0,1686.0,2229.0,0,1,2
South Africa,-0.29,46.8,96.4,3.452380952,0.8,159.3,1170,1462.0,1686.0,2229.0,0,1,2
South Africa,-0.29,46.8,96.4,3.452380952,0.8,159.3,554,1331.0,1585.0,2097.0,0,1,1
South Africa,-0.29,46.8,96.4,3.452380952,0.8,159.3,150,931.0,1331.0,1978.0,0,1,1
Spain,0.99,92.9,96.2,0.5810276679999999,3.8,107.9,5232,22472.0,50696.0,158908.0,0,1,2
Spain,0.99,92.9,96.2,0.5810276679999999,3.8,107.9,5232,22472.0,50696.0,158908.0,0,1,3
Spain,0.99,92.9,96.2,0.5810276679999999,3.8,107.9,9942,36022.0,75590.0,156877.0,0,1,1
Spain,0.99,92.9,96.2,0.5810276679999999,3.8,107.9,9942,36022.0,75590.0,156877.0,0,1,1
Spain,0.99,92.9,96.2,0.5810276679999999,3.8,107.9,1073,10124.0,25822.0,155503.0,0,1,1
Spain,0.99,92.9,96.2,0.5810276679999999,3.8,107.9,9942,36022.0,75590.0,156877.0,0,1,3
Spain,0.99,92.9,96.2,0.5810276679999999,3.8,107.9,7798,30814.0,68579.0,156877.0,1,0,2
Spain,0.99,92.9,96.2,0.5810276679999999,3.8,107.9,7798,30814.0,68579.0,156877.0,1,0,2
Spain,0.99,92.9,96.2,0.5810276679999999,3.8,107.9,7798,30814.0,68579.0,156877.0,1,0,1
Spain,0.99,92.9,96.2,0.5810276679999999,3.8,107.9,35136,90411.0,127822.0,171612.0,0,1,2
Spain,0.99,92.9,96.2,0.5810276679999999,3.8,107.9,39885,98987.0,133321.0,171612.0,0,1,2
Spain,0.99,92.9,96.2,0.5810276679999999,3.8,107.9,39885,98987.0,133321.0,171612.0,0,1,1
Spain,0.99,92.9,96.2,0.5810276679999999,3.8,107.9,11748,42477.0,82688.0,157739.0,0,1,1
Spain,0.99,92.9,96.2,0.5810276679999999,3.8,107.9,11748,42477.0,82688.0,157739.0,0,1,2
Spain,0.99,92.9,96.2,0.5810276679999999,3.8,107.9,7798,30814.0,68579.0,156877.0,1,0,1
Spain,0.99,92.9,96.2,0.5810276679999999,3.8,107.9,17963,61754.0,98987.0,160949.0,0,1,1
Spain,0.99,92.9,96.2,0.5810276679999999,3.8,107.9,2277,18636.0,42477.0,154822.0,0,1,1
Spain,0.99,92.9,96.2,0.5810276679999999,3.8,107.9,2277,18636.0,42477.0,154822.0,0,1,2
Spain,0.99,92.9,96.2,0.5810276679999999,3.8,107.9,2277,14572.0,36022.0,149842.0,0,1,2
Spain,0.99,92.9,96.2,0.5810276679999999,3.8,107.9,1695,12744.0,30814.0,149842.0,0,1,1
Spain,0.99,92.9,96.2,0.5810276679999999,3.8,107.9,1073,10124.0,25822.0,155503.0,0,1,1
Spain,0.99,92.9,96.2,0.5810276679999999,3.8,107.9,1073,10124.0,25822.0,155503.0,0,1,1
Spain,0.99,92.9,96.2,0.5810276679999999,3.8,107.9,165,1850.0,8073.0,114753.0,0,1,1
Sweden,1.67,24.2,100.2,0.6862745098,4.1,130.4,599,1475.0,2295.0,8528.0,0,1,1
Sweden,1.67,24.2,100.2,0.6862745098,4.1,130.4,1,1.0,1.0,26.5,1,0,2
Sweden,1.67,24.2,100.2,0.6862745098,4.1,130.4,1439,2911.0,4516.0,8886.0,0,1,2
Sweden,1.67,24.2,100.2,0.6862745098,4.1,130.4,1190,2295.0,3826.0,8942.0,0,1,2
Sweden,1.67,24.2,100.2,0.6862745098,4.1,130.4,500,1334.0,2091.0,8568.0,0,1,2
Sweden,1.67,24.2,100.2,0.6862745098,4.1,130.4,500,1334.0,2091.0,8568.0,0,1,2
Sweden,1.67,24.2,100.2,0.6862745098,4.1,130.4,961,1836.0,2911.0,8520.0,1,0,1
Sweden,1.67,24.2,100.2,0.6862745098,4.1,130.4,1639,3167.0,5073.0,8887.0,0,1,1
Sweden,1.67,24.2,100.2,0.6862745098,4.1,130.4,1103,2091.0,3469.0,8697.0,0,1,2
Switzerland,4.05,214.5,98.2,0.6182572614,4.1,142.0,1139,5764.0,11334.0,26067.0,0,1,1
Switzerland,4.05,214.5,98.2,0.6182572614,4.1,142.0,0,0.0,0.5,1611.0,0,1,2
Switzerland,4.05,214.5,98.2,0.6182572614,4.1,142.0,0,0.0,0.5,1611.0,0,1,2
Switzerland,4.05,214.5,98.2,0.6182572614,4.1,142.0,2200,8937.0,14532.0,26662.0,0,1,2
Switzerland,4.05,214.5,98.2,0.6182572614,4.1,142.0,2200,8937.0,14532.0,26662.0,0,1,1
Switzerland,4.05,214.5,98.2,0.6182572614,4.1,142.0,2200,8937.0,14532.0,26662.0,0,1,2
Switzerland,4.05,214.5,98.2,0.6182572614,4.1,142.0,2200,8937.0,14532.0,26662.0,0,1,2
Switzerland,4.05,214.5,98.2,0.6182572614,4.1,142.0,4075,12230.0,16967.0,28632.0,0,1,2
Switzerland,4.05,214.5,98.2,0.6182572614,4.1,142.0,4075,12230.0,16967.0,28632.0,0,1,1
Switzerland,4.05,214.5,98.2,0.6182572614,4.1,142.0,4075,12230.0,16967.0,28632.0,0,1,1
Switzerland,4.05,214.5,98.2,0.6182572614,4.1,142.0,27,360.0,1073.0,16967.0,1,0,1
Switzerland,4.05,214.5,98.2,0.6182572614,4.1,142.0,268,1611.0,4189.0,21596.0,1,0,1
Switzerland,4.05,214.5,98.2,0.6182572614,4.1,142.0,8,223.0,707.0,15275.0,0,1,1
Switzerland,4.05,214.5,98.2,0.6182572614,4.1,142.0,652,3225.0,8937.0,26554.0,0,1,2
Switzerland,4.05,214.5,98.2,0.6182572614,4.1,142.0,2200,8937.0,14532.0,26662.0,0,1,1
Switzerland,4.05,214.5,98.2,0.6182572614,4.1,142.0,1139,5764.0,11334.0,26067.0,0,1,2
Switzerland,4.05,214.5,98.2,0.6182572614,4.1,142.0,5294,13293.0,17830.0,28632.0,0,1,1
Switzerland,4.05,214.5,98.2,0.6182572614,4.1,142.0,8795,16055.0,20479.0,31034.0,0,1,3
Switzerland,4.05,214.5,98.2,0.6182572614,4.1,142.0,5294,13293.0,17830.0,28632.0,0,1,2
Switzerland,4.05,214.5,98.2,0.6182572614,4.1,142.0,10897,17830.0,21596.0,30970.0,0,1,2
Switzerland,4.05,214.5,98.2,0.6182572614,4.1,142.0,11811,19136.0,23209.0,32003.0,0,1,2
Switzerland,4.05,214.5,98.2,0.6182572614,4.1,142.0,2200,8937.0,14532.0,26662.0,0,1,2
Switzerland,4.05,214.5,98.2,0.6182572614,4.1,142.0,2200,8937.0,14532.0,26662.0,0,1,1
Switzerland,4.05,214.5,98.2,0.6182572614,4.1,142.0,10897,17830.0,21596.0,30970.0,0,1,2
Switzerland,4.05,214.5,98.2,0.6182572614,4.1,142.0,5294,13293.0,17830.0,28632.0,0,1,1
Switzerland,4.05,214.5,98.2,0.6182572614,4.1,142.0,5294,13293.0,17830.0,28632.0,0,1,1
Switzerland,4.05,214.5,98.2,0.6182572614,4.1,142.0,4075,12230.0,16967.0,28632.0,0,1,2
Switzerland,4.05,214.5,98.2,0.6182572614,4.1,142.0,5294,13293.0,17830.0,28632.0,0,1,2
Thailand,0.28,135.1,95.2,1.023668639,0.47,125.8,82,426.0,1090.0,2385.0,1,0,1
Thailand,0.28,135.1,95.2,1.023668639,0.47,125.8,82,426.0,1090.0,2385.0,1,0,1
Thailand,0.28,135.1,95.2,1.023668639,0.47,125.8,82,426.0,1090.0,2385.0,1,0,2
Thailand,0.28,135.1,95.2,1.023668639,0.47,125.8,82,426.0,1090.0,2385.0,1,0,2
Turkey,-4.5,104.9,97.0,2.083333333,1.7,96.0,18,1890.0,7984.0,43154.0,0,1,1
Turkey,-4.5,104.9,97.0,2.083333333,1.7,96.0,0,0.0,0.0,0.0,0,1,1
Turkey,-4.5,104.9,97.0,2.083333333,1.7,96.0,0,0.0,0.0,0.0,0,1,2
Turkey,-4.5,104.9,97.0,2.083333333,1.7,96.0,0,0.0,0.0,0.0,0,1,2
Turkey,-4.5,104.9,97.0,2.083333333,1.7,96.0,18,1890.0,7984.0,43154.0,0,1,2
Turkey,-4.5,104.9,97.0,2.083333333,1.7,96.0,0,0.0,0.0,50.0,1,0,2
Turkey,-4.5,104.9,97.0,2.083333333,1.7,96.0,0,0.0,0.0,50.0,1,0,1
Turkey,-4.5,104.9,97.0,2.083333333,1.7,96.0,0,0.0,0.0,50.0,1,0,2
Turkey,-4.5,104.9,97.0,2.083333333,1.7,96.0,18,1890.0,7984.0,43154.0,0,1,1
Turkey,-4.5,104.9,97.0,2.083333333,1.7,96.0,47,1907.0,9296.0,44635.0,0,1,1
Turkey,-4.5,104.9,97.0,2.083333333,1.7,96.0,47,1907.0,9296.0,44635.0,0,1,2
Turkey,-4.5,104.9,97.0,2.083333333,1.7,96.0,98,2437.0,10847.0,44635.0,0,1,2
Turkey,-4.5,104.9,97.0,2.083333333,1.7,96.0,98,2437.0,10847.0,44635.0,0,1,2
Turkey,-4.5,104.9,97.0,2.083333333,1.7,96.0,98,2437.0,10847.0,44635.0,0,1,2
Turkey,-4.5,104.9,97.0,2.083333333,1.7,96.0,5,547.0,2437.0,38771.0,0,1,1
Turkey,-4.5,104.9,97.0,2.083333333,1.7,96.0,5698,20812.0,30217.0,58095.0,0,1,2
Turkey,-4.5,104.9,97.0,2.083333333,1.7,96.0,670,7984.0,18096.0,52530.0,1,0,2
Turkey,-4.5,104.9,97.0,2.083333333,1.7,96.0,1872,13381.0,26833.0,56795.0,0,1,1
Ukraine,-0.39,76.3,86.0,0.6681034483,3.0,144.0,1,8.0,59.0,1625.0,0,1,1
Ukraine,-0.39,76.3,86.0,0.6681034483,3.0,144.0,3,59.0,219.0,2173.0,1,0,2
Ukraine,-0.39,76.3,86.0,0.6681034483,3.0,144.0,1,28.0,101.0,1778.0,0,1,1
Ukraine,-0.39,76.3,86.0,0.6681034483,3.0,144.0,1,28.0,101.0,1778.0,0,1,1
Ukraine,-0.39,76.3,86.0,0.6681034483,3.0,144.0,1,28.0,101.0,1778.0,0,1,1
United Arab Emirates,1.03,112.4,262.4,5.791666667,1.6,187.4,0,1.0,2.0,4.0,0,1,2
United Arab Emirates,1.03,112.4,262.4,5.791666667,1.6,187.4,98,266.0,595.0,3389.0,0,1,2
United Arab Emirates,1.03,112.4,262.4,5.791666667,1.6,187.4,98,266.0,595.0,3389.0,0,1,2
United Arab Emirates,1.03,112.4,262.4,5.791666667,1.6,187.4,0,4.0,5.0,12.5,0,1,1
United Arab Emirates,1.03,112.4,262.4,5.791666667,1.6,187.4,45,95.0,150.0,2195.0,1,0,1
United Arab Emirates,1.03,112.4,262.4,5.791666667,1.6,187.4,45,95.0,150.0,2195.0,1,0,1
United Arab Emirates,1.03,112.4,262.4,5.791666667,1.6,187.4,45,95.0,150.0,2195.0,1,0,1
United Arab Emirates,1.03,112.4,262.4,5.791666667,1.6,187.4,98,190.0,495.0,3170.0,0,1,1
United Arab Emirates,1.03,112.4,262.4,5.791666667,1.6,187.4,140,369.0,670.0,3358.0,0,1,2
United Arab Emirates,1.03,112.4,262.4,5.791666667,1.6,187.4,153,495.0,1084.0,3395.0,1,0,1
United Arab Emirates,1.03,112.4,262.4,5.791666667,1.6,187.4,113,348.0,657.0,3388.0,0,1,1
United Arab Emirates,1.03,112.4,262.4,5.791666667,1.6,187.4,113,348.0,657.0,3388.0,0,1,1
United Arab Emirates,1.03,112.4,262.4,5.791666667,1.6,187.4,113,348.0,657.0,3388.0,0,1,2
United Arab Emirates,1.03,112.4,262.4,5.791666667,1.6,187.4,153,595.0,1345.0,3421.0,1,0,2
United Arab Emirates,1.03,112.4,262.4,5.791666667,1.6,187.4,198,657.0,1580.0,3421.0,0,1,1
United Kingdom,2.19,273.6,97.4,0.7405857740999999,2.8,125.8,459,2677.0,6398.0,59920.0,0,1,1
United Kingdom,2.19,273.6,97.4,0.7405857740999999,2.8,125.8,1551,6398.0,17389.0,84362.0,0,1,1
United Kingdom,2.19,273.6,97.4,0.7405857740999999,2.8,125.8,1551,6398.0,17389.0,84362.0,0,1,1
United Kingdom,2.19,273.6,97.4,0.7405857740999999,2.8,125.8,4014,14657.0,29106.0,107707.0,0,1,1
United Kingdom,2.19,273.6,97.4,0.7405857740999999,2.8,125.8,2642,9700.0,21740.0,94234.0,0,1,1
United Kingdom,2.19,273.6,97.4,0.7405857740999999,2.8,125.8,5745,19312.0,37721.0,110379.0,1,0,1
United Kingdom,2.19,273.6,97.4,0.7405857740999999,2.8,125.8,1551,6398.0,17389.0,84362.0,0,1,1
United Kingdom,2.19,273.6,97.4,0.7405857740999999,2.8,125.8,1551,6398.0,17389.0,84362.0,0,1,1
United Kingdom,2.19,273.6,97.4,0.7405857740999999,2.8,125.8,1551,6398.0,17389.0,84362.0,0,1,1
United Kingdom,2.19,273.6,97.4,0.7405857740999999,2.8,125.8,802,3670.0,9700.0,72712.0,0,1,2
United Kingdom,2.19,273.6,97.4,0.7405857740999999,2.8,125.8,4014,14657.0,29106.0,107707.0,0,1,2
United Kingdom,2.19,273.6,97.4,0.7405857740999999,2.8,125.8,8164,24830.0,46266.0,110579.0,0,1,3
United Kingdom,2.19,273.6,97.4,0.7405857740999999,2.8,125.8,5067,17389.0,33820.0,110379.0,1,0,1
United Kingdom,2.19,273.6,97.4,0.7405857740999999,2.8,125.8,5067,17389.0,33820.0,110379.0,1,0,1
United Kingdom,2.19,273.6,97.4,0.7405857740999999,2.8,125.8,8164,24830.0,46266.0,110579.0,0,1,2
United Kingdom,2.19,273.6,97.4,0.7405857740999999,2.8,125.8,8164,24830.0,46266.0,110579.0,0,1,1
United Kingdom,2.19,273.6,97.4,0.7405857740999999,2.8,125.8,8164,24830.0,46266.0,110579.0,0,1,1
United Kingdom,2.19,273.6,97.4,0.7405857740999999,2.8,125.8,8164,24830.0,46266.0,110579.0,0,1,1
United Kingdom,2.19,273.6,97.4,0.7405857740999999,2.8,125.8,8164,24830.0,46266.0,110579.0,0,1,1
United States of America,2.8930000000000002,36.0,98.0,0.28,2.3,124.0,2727,26213.0,84206.0,510319.0,1,0,2
United States of America,2.8930000000000002,36.0,98.0,0.28,2.3,124.0,2727,26213.0,84206.0,510319.0,1,0,1
United States of America,2.8930000000000002,36.0,98.0,0.28,2.3,124.0,2179,20940.0,66048.0,484892.0,0,1,2
United States of America,2.8930000000000002,36.0,98.0,0.28,2.3,124.0,3499,33583.0,104442.0,527945.0,1,0,2
United States of America,2.8930000000000002,36.0,98.0,0.28,2.3,124.0,4632,44512.0,122044.0,554596.0,0,1,1
United States of America,2.8930000000000002,36.0,98.0,0.28,2.3,124.0,7,12.0,12.0,79.0,0,1,2
United States of America,2.8930000000000002,36.0,98.0,0.28,2.3,124.0,98,603.0,2804.0,213404.0,0,1,1
United States of America,2.8930000000000002,36.0,98.0,0.28,2.3,124.0,7783,66048.0,160690.0,589886.0,0,1,2
United States of America,2.8930000000000002,36.0,98.0,0.28,2.3,124.0,0,5.0,11.0,13.0,0,1,2
United States of America,2.8930000000000002,36.0,98.0,0.28,2.3,124.0,60,281.0,1410.0,140990.0,0,1,1
United States of America,2.8930000000000002,36.0,98.0,0.28,2.3,124.0,6421,55431.0,140990.0,589886.0,0,1,1
United States of America,2.8930000000000002,36.0,98.0,0.28,2.3,124.0,518,3524.0,20940.0,390733.0,1,0,1
United States of America,2.8930000000000002,36.0,98.0,0.28,2.3,124.0,1,5.0,10.0,14.0,0,1,1
United States of America,2.8930000000000002,36.0,98.0,0.28,2.3,124.0,11,11.0,13.0,215.0,0,1,1
United States of America,2.8930000000000002,36.0,98.0,0.28,2.3,124.0,262,2190.0,8170.0,330890.0,0,1,1
