region,2020-01-22,2020-01-23,2020-01-24,2020-01-25,2020-01-26,2020-01-27,2020-01-28,2020-01-29,2020-01-30,2020-01-31,2020-02-01,2020-02-02,2020-02-03,2020-02-04,2020-02-05,2020-02-06,2020-02-07,2020-02-08,2020-02-09,2020-02-10,2020-02-11,2020-02-12,2020-02-13,2020-02-14,2020-02-15,2020-02-16,2020-02-17,2020-02-18,2020-02-19,2020-02-20,2020-02-21,2020-02-22,2020-02-23,2020-02-24,2020-02-25,2020-02-26,2020-02-27,2020-02-28,2020-02-29,2020-03-01,2020-03-02,2020-03-03,2020-03-04,2020-03-05,2020-03-06,2020-03-07,2020-03-08,2020-03-09,2020-03-10,2020-03-11,2020-03-12,2020-03-13,2020-03-14,2020-03-15,2020-03-16,2020-03-17,2020-03-18,2020-03-19,2020-03-20,2020-03-21,2020-03-22,2020-03-23,2020-03-24,2020-03-25,2020-03-26,2020-03-27,2020-03-28,2020-03-29,2020-03-30,2020-03-31,2020-04-01,2020-04-02,2020-04-03,2020-04-04,2020-04-05,2020-04-06,2020-04-07,2020-04-08,2020-04-09,2020-04-10,2020-04-11,2020-04-12,2020-04-13,2020-04-14,2020-04-15,2020-04-16,2020-04-17,2020-04-18,2020-04-19,2020-04-20,2020-04-21,2020-04-22,2020-04-23,2020-04-24,2020-04-25,2020-04-26,2020-04-27,2020-04-28,2020-04-29,2020-04-30,2020-05-01,2020-05-02,2020-05-03,2020-05-04,2020-05-05,2020-05-06,2020-05-07,2020-05-08,2020-05-09,2020-05-10,2020-05-11,2020-05-12,2020-05-13,2020-05-14,2020-05-15,2020-05-16,2020-05-17,2020-05-18,2020-05-19,2020-05-20,2020-05-21,2020-05-22,2020-05-23,2020-05-24,2020-05-25,2020-05-26,2020-05-27,2020-05-28,2020-05-29,2020-05-30
Afghanistan_nan,0.0,0.0,0.0,0.0,0.0,0.0,0.0,0.0,0.0,0.0,0.0,0.0,0.0,0.0,0.0,0.0,0.0,0.0,0.0,0.0,0.0,0.0,0.0,0.0,0.0,0.0,0.0,0.0,0.0,0.0,0.0,0.0,0.0,0.0,1.0,1.0,1.0,1.0,1.0,1.0,1.0,1.0,1.0,1.0,1.0,1.0,1.0,52.0,9.0,17.0,15.0,8.0,11.0,29.0,30.0,31.0,22.0,22.0,22.0,25.0,36.0,57.0,66.0,113.0,97.0,111.0,121.0,118.0,170.0,209.0,224.0,303.0,295.0,289.0,353.0,397.0,420.0,469.0,481.0,527.0,565.0,611.0,678.0,730.0,786.0,858.0,913.0,948.0,987.0,1044.0,1086.0,1186.0,1295.0,1371.0,1454.0,1554.0,1690.0,1883.0,1962.0,1991.0,2169.0,2312.0,2324.0,2447.0,2388.0,2446.0,2554.0,2511.0,2511.0,2607.0,2800.0,2784.0,2784.0,2841.0,3048.0,3026.0,3122.0,3273.0,3229.0,3329.0,3513.0,3443.0,3443.0,3487.0,3591.0,3734.0,3699.0,3792.0,3839.0,3839.0
Algeria_nan,0.0,0.0,0.0,0.0,0.0,0.0,0.0,0.0,0.0,0.0,0.0,0.0,0.0,0.0,0.0,0.0,0.0,0.0,0.0,0.0,0.0,0.0,0.0,0.0,0.0,0.0,0.0,0.0,0.0,0.0,0.0,0.0,0.0,0.0,0.5,1.0,1.0,1.0,1.0,1.0,1.0,35.0,28.0,58.0,23.0,34.0,24.0,29.0,22.0,20.0,21.0,29.0,35.0,57.0,62.0,61.0,75.0,96.0,98.0,134.0,230.0,264.0,268.0,312.0,382.0,443.0,471.0,525.0,604.0,738.0,901.0,1029.0,1205.0,1326.0,1332.0,1436.0,1527.0,1581.0,1705.0,1787.0,1834.0,1903.0,1991.0,2062.0,2162.0,2266.0,2415.0,2553.0,2623.0,2698.0,2798.0,2901.0,3000.0,3111.0,3244.0,3368.0,3494.0,3630.0,3820.0,3876.0,3894.0,4293.0,4419.0,4314.0,4452.0,4452.0,4452.0,4621.0,4785.0,4813.0,4995.0,5070.0,5240.0,5240.0,5240.0,5240.0,5268.0,5383.0,5383.0,5383.0,5531.0,5622.0,5622.0,5774.0,5774.0,5963.0,6071.0,6174.0,6394.0,6382.0
Argentina_nan,0.0,0.0,0.0,0.0,0.0,0.0,0.0,0.0,0.0,0.0,0.0,0.0,0.0,0.0,0.0,0.0,0.0,0.0,0.0,0.0,0.0,0.0,0.0,0.0,0.0,0.0,0.0,0.0,0.0,0.0,0.0,0.0,0.0,0.0,0.0,0.0,0.0,0.0,0.0,0.0,0.0,1.0,1.0,1.0,2.0,23.0,69.0,41.0,24.0,36.0,30.0,38.0,55.0,45.0,63.0,73.0,82.0,97.0,131.0,165.0,259.0,341.0,359.0,390.0,447.0,600.0,672.0,715.0,752.0,981.0,1074.0,1054.0,1156.0,1381.0,1451.0,1451.0,1554.0,1628.0,1715.0,1795.0,1975.0,1975.0,2142.0,2208.0,2277.0,2443.0,2571.0,2669.0,2758.0,2839.0,2941.0,3031.0,3144.0,3435.0,3607.0,3780.0,3892.0,4003.0,4127.0,4285.0,4285.0,4474.0,4506.0,4886.0,4886.0,4886.0,4886.0,5072.0,5123.0,5123.0,5421.0,5516.0,5516.0,5643.0,5643.0,5903.0,5903.0,5903.0,6224.0,6492.0,6657.0,6886.0,6886.0,6886.0,7050.0,7491.0,7491.0,7491.0,7491.0,7491.0
Armenia_nan,0.0,0.0,0.0,0.0,0.0,0.0,0.0,0.0,0.0,0.0,0.0,0.0,0.0,0.0,0.0,0.0,0.0,0.0,0.0,0.0,0.0,0.0,0.0,0.0,0.0,0.0,0.0,0.0,0.0,0.0,0.0,0.0,0.0,0.0,0.0,0.0,0.0,0.0,0.0,1.0,1.0,1.0,1.0,1.0,1.0,1.0,1.0,1.0,1.0,1.0,4.0,57.0,49.0,88.0,79.0,133.0,138.0,148.0,160.0,167.0,193.0,237.0,249.0,249.0,269.0,312.0,388.0,423.0,429.0,500.0,536.0,607.0,708.0,736.0,770.0,822.0,833.0,853.0,881.0,921.0,937.0,967.0,1013.0,1039.0,1067.0,1111.0,1159.0,1201.0,1248.0,1291.0,1339.0,1401.0,1473.0,1523.0,1596.0,1677.0,1746.0,1808.0,1867.0,1932.0,1935.0,1935.0,1935.0,1949.0,1949.0,2065.0,2065.0,2065.0,2065.0,2065.0,2065.0,2129.0,2129.0,2129.0,2252.0,2252.0,2279.0,2279.0,2279.0,2337.0,2403.0,2403.0,2403.0,2403.0,2468.0,2468.0,2504.0,2619.0,2652.0,2774.0
Australia_New South Wales,-2.0,0.0,0.0,0.0,1.0,5.0,8.0,4.0,4.0,4.0,4.0,4.0,4.0,4.0,4.0,4.0,4.0,4.0,4.0,4.0,4.0,4.0,4.0,4.0,4.0,4.0,4.0,4.0,4.0,4.0,4.0,4.0,4.0,4.0,4.0,4.0,4.0,4.0,4.0,5.5,14.0,13.0,46.0,43.0,29.0,35.0,43.0,62.0,68.0,71.0,74.0,90.0,134.0,148.0,181.0,231.0,285.0,336.0,370.0,453.0,697.0,806.0,775.0,1081.0,1329.0,1473.0,1680.0,1882.0,2081.0,2158.0,2149.0,2369.0,2452.0,2507.0,2600.0,2643.0,2659.0,2715.0,2751.0,2787.0,2825.0,2857.0,2857.0,2863.0,2870.0,2886.0,2897.0,2926.0,2936.0,2957.0,2963.0,2969.0,2971.0,2976.0,2982.0,2994.0,3002.0,3004.0,3016.0,3016.0,3024.0,3117.0,3117.0,3117.0,3117.0,3185.0,3185.0,3185.0,3185.0,3185.0,3185.0,3185.0,3204.0,3204.0,3204.0,3205.0,3302.0,3302.0,3302.0,3302.0,3302.0,3302.0,3379.0,3489.0,3479.0,3589.0,3747.0,3739.0,3741.0,3844.0
Australia_Queensland,-2.0,0.0,0.0,0.0,0.0,0.0,0.0,0.0,2.0,28.0,2.0,11.0,2.0,2.0,11.0,5.0,10.0,10.0,6.0,5.0,5.0,6.0,5.0,5.0,5.0,5.0,5.0,5.0,5.0,5.0,5.0,5.0,5.0,5.0,5.0,5.0,5.0,5.0,8.0,22.0,9.0,11.0,15.5,13.0,18.0,13.0,14.0,18.0,17.0,24.0,23.0,33.0,66.0,72.0,82.0,84.0,101.0,154.0,220.0,242.0,274.0,334.0,427.0,485.0,510.0,574.0,654.0,691.0,698.0,753.0,806.0,844.0,890.0,906.0,904.0,910.0,930.0,937.0,943.0,953.0,965.0,974.0,983.0,987.0,998.0,999.0,1001.0,1007.0,1015.0,1019.0,1019.0,1024.0,1024.0,1026.0,1026.0,1026.0,1030.0,1033.0,1034.0,1035.0,1068.0,1068.0,1105.0,1105.0,1105.0,1116.0,1132.0,1132.0,1132.0,1171.0,1209.0,1209.0,1251.0,1281.0,1329.0,1338.0,1376.0,1384.0,1504.0,1545.0,1520.0,1640.0,1690.0,1664.0,1735.0,1886.0,1975.0,1958.0,2018.0,2086.0
Australia_Victoria,-6.0,0.0,0.0,0.0,0.0,1.0,1.0,1.0,1.0,11.0,15.0,11.0,7.0,4.0,4.0,4.0,4.0,4.0,4.0,4.0,4.0,4.0,4.0,4.0,4.0,4.0,4.0,4.0,4.0,4.0,4.0,4.0,4.0,4.0,4.0,4.0,4.0,4.0,5.5,17.0,8.0,14.0,9.5,10.0,10.0,11.0,11.0,12.0,23.0,25.0,25.0,35.0,69.0,72.0,79.0,105.0,139.0,142.0,121.0,220.0,424.0,431.0,384.0,489.0,556.0,603.0,712.0,826.0,848.0,921.0,1012.0,1050.0,1109.0,1135.0,1137.0,1155.0,1191.0,1212.0,1217.0,1228.0,1243.0,1265.0,1268.0,1281.0,1291.0,1299.0,1299.0,1302.0,1319.0,1328.0,1329.0,1336.0,1336.0,1337.0,1343.0,1346.0,1349.0,1349.0,1354.0,1361.0,1361.0,1395.0,1395.0,1406.0,1453.0,1453.0,1453.0,1453.0,1453.0,1453.0,1476.0,1476.0,1484.0,1493.0,1568.0,1581.0,1581.0,1679.0,1723.0,1746.0,1805.0,1799.0,1799.0,1799.0,1801.0,1902.0,1935.0,1929.0,1957.0,2025.0
Austria_nan,0.0,0.0,0.0,0.0,0.0,0.0,0.0,0.0,0.0,0.0,0.0,0.0,0.0,0.0,0.0,0.0,0.0,0.0,0.0,0.0,0.0,0.0,0.0,0.0,0.0,0.0,0.0,0.0,0.0,0.0,0.0,0.0,0.0,0.0,1.0,2.0,2.0,7.0,4.0,48.0,33.0,33.0,36.0,55.0,73.0,98.0,123.0,147.0,197.0,275.0,336.0,513.0,762.0,912.0,1096.0,1375.0,1784.0,2139.0,2530.0,2949.0,3712.0,4787.0,5637.0,5883.0,6831.0,8320.0,8572.0,8945.0,9794.0,10556.0,10872.0,11284.0,11582.0,11823.0,12007.0,12261.0,12542.0,12869.0,13106.0,13385.0,13637.0,13806.0,13945.0,14041.0,14226.0,14336.0,14476.0,14595.0,14671.0,14749.0,14795.0,14873.0,14925.0,15002.0,15071.0,15148.0,15225.0,15274.0,15357.0,15402.0,15402.0,15402.0,15527.0,15527.0,15527.0,15527.0,15527.0,15527.0,15527.0,15559.0,15559.0,15559.0,15559.0,15559.0,15661.0,16154.0,16154.0,16154.0,16154.0,16399.0,16399.0,16754.0,16891.0,16891.0,16891.0,16912.0,17454.0,17638.0,17999.0,18653.0
Azerbaijan_nan,0.0,0.0,0.0,0.0,0.0,0.0,0.0,0.0,0.0,0.0,0.0,0.0,0.0,0.0,0.0,0.0,0.0,0.0,0.0,0.0,0.0,0.0,0.0,0.0,0.0,0.0,0.0,0.0,0.0,0.0,0.0,0.0,0.0,0.0,0.0,0.0,0.0,0.0,0.0,3.0,4.0,3.0,3.0,6.0,23.0,10.0,20.0,10.0,12.0,16.0,12.0,14.0,22.0,21.0,39.0,33.0,28.0,40.0,60.0,48.0,68.0,76.0,83.0,95.0,115.0,169.0,192.0,193.0,259.0,309.0,332.0,392.0,419.0,485.0,567.0,604.0,662.0,773.0,880.0,930.0,991.0,1058.0,1098.0,1148.0,1197.0,1253.0,1283.0,1340.0,1373.0,1398.0,1436.0,1480.0,1518.0,1548.0,1592.0,1617.0,1645.0,1678.0,1717.0,1766.0,1766.0,1829.0,1829.0,1829.0,1829.0,1829.0,1829.0,1933.0,1933.0,1933.0,2025.0,2025.0,2131.0,2188.0,2274.0,2274.0,2274.0,2393.0,2393.0,2511.0,2618.0,2618.0,2805.0,2911.0,2954.0,3026.0,3222.0,3222.0,3391.0,3627.0
Bahrain_nan,0.0,0.0,0.0,0.0,0.0,0.0,0.0,0.0,0.0,0.0,0.0,0.0,0.0,0.0,0.0,0.0,0.0,0.0,0.0,0.0,0.0,0.0,0.0,0.0,0.0,0.0,0.0,0.0,0.0,0.0,0.0,0.0,0.0,0.0,21.0,339.0,42.0,97.0,44.0,52.0,56.0,76.0,52.0,57.0,61.0,86.0,105.0,90.0,113.0,198.0,254.0,195.0,201.0,228.0,219.0,228.0,265.0,287.0,288.0,297.0,336.0,385.0,409.0,415.0,461.0,482.0,470.0,495.0,523.0,562.0,589.0,621.0,697.0,687.0,688.0,747.0,831.0,837.0,866.0,939.0,1031.0,1171.0,1369.0,1607.0,1707.0,1730.0,1721.0,1786.0,1894.0,1964.0,1951.0,2016.0,2184.0,2549.0,2691.0,2588.0,2672.0,2818.0,2930.0,2949.0,2921.0,2921.0,2921.0,3026.0,3140.0,3167.0,3280.0,3280.0,3308.0,3560.0,3660.0,3704.0,3765.0,3815.0,3996.0,4394.0,4541.0,4565.0,4755.0,5006.0,4911.0,5259.0,5882.0,5723.0,5696.0,5750.0,6199.0,6567.0,6880.0,6897.0
Bangladesh_nan,0.0,0.0,0.0,0.0,0.0,0.0,0.0,0.0,0.0,0.0,0.0,0.0,0.0,0.0,0.0,0.0,0.0,0.0,0.0,0.0,0.0,0.0,0.0,0.0,0.0,0.0,0.0,0.0,0.0,0.0,0.0,0.0,0.0,0.0,0.0,0.0,0.0,0.0,0.0,0.0,0.0,0.0,0.0,0.0,0.0,0.0,3.0,4.0,3.0,3.0,3.0,3.0,3.0,5.0,19.0,23.0,22.0,28.0,27.0,31.0,35.0,35.0,44.0,43.0,40.0,49.0,48.0,48.0,48.0,49.0,51.0,54.0,56.0,65.0,85.0,123.0,171.0,220.0,327.0,447.0,479.0,578.0,802.0,1011.0,1206.0,1512.0,1815.0,2033.0,2338.0,2796.0,3281.0,3572.0,3900.0,4377.0,4709.0,4998.0,5472.0,6005.0,6563.0,7103.0,7639.0,8154.0,8737.0,9331.0,10201.0,10276.0,10975.0,10975.0,11332.0,11584.0,11584.0,12476.0,12476.0,12626.0,13143.0,13143.0,13143.0,13446.0,13446.0,13446.0,13982.0,13982.0,13982.0,13982.0,14271.0,14271.0,14271.0,14271.0,14271.0,14863.0
Belarus_nan,0.0,0.0,0.0,0.0,0.0,0.0,0.0,0.0,0.0,0.0,0.0,0.0,0.0,0.0,0.0,0.0,0.0,0.0,0.0,0.0,0.0,0.0,0.0,0.0,0.0,0.0,0.0,0.0,0.0,0.0,0.0,0.0,0.0,0.0,0.0,0.0,0.0,1.0,1.0,1.0,1.0,1.0,5.0,86.0,15.0,17.0,8.0,8.0,11.0,22.0,11.0,32.0,55.0,28.0,35.0,46.0,48.0,64.0,64.0,84.0,76.0,76.0,81.0,81.0,86.0,86.0,94.0,94.0,134.0,177.0,152.0,273.0,410.0,409.0,541.0,699.0,839.0,1036.0,1441.0,1996.0,2229.0,2366.0,2770.0,3125.0,3526.0,4003.0,4502.0,4779.0,4779.0,5573.0,6907.0,6723.0,7281.0,8159.0,8835.0,9667.0,10478.0,11289.0,12208.0,13181.0,13927.0,13927.0,14056.0,15859.0,16189.0,16189.0,17857.0,17857.0,17857.0,18080.0,18519.0,18519.0,18519.0,19261.0,19261.0,19261.0,19261.0,19261.0,20025.0,20025.0,20025.0,20025.0,20802.0,21083.0,21083.0,22387.0,23208.0,23208.0,24762.0,26120.0
Belgium_nan,-1.0,0.0,0.0,0.0,0.0,0.0,0.0,0.0,0.0,0.0,0.0,0.0,0.0,0.0,1.0,1.0,1.0,1.0,1.0,1.0,1.0,1.0,1.0,1.0,1.0,1.0,1.0,1.0,1.0,1.0,1.0,1.0,1.0,1.0,1.0,1.0,1.0,1.0,1.0,1.5,22.0,72.0,62.0,92.0,166.0,275.0,323.0,297.0,300.0,337.0,350.0,537.0,830.0,920.0,1115.0,1301.0,1546.0,1893.0,2382.0,2991.0,3606.0,3959.0,4324.0,5132.0,6475.0,7864.0,9386.0,11508.0,12511.0,12995.0,14222.0,15923.0,17385.0,18939.0,20248.0,21049.0,22341.0,23811.0,25213.0,27032.0,28408.0,29681.0,30865.0,31055.0,33096.0,35688.0,36030.0,36940.0,38244.0,39819.0,40944.0,41552.0,42334.0,43810.0,45171.0,45628.0,46134.0,46687.0,47334.0,47859.0,47859.0,47859.0,47859.0,47859.0,47859.0,47859.0,47859.0,47859.0,47859.0,48344.0,49887.0,50025.0,51813.0,51813.0,51813.0,51900.0,54938.0,55508.0,55508.0,57192.0,62194.0,61482.0,61482.0,61482.0,62555.0,62555.0,62555.0,63050.0,63050.0,63050.0
Bolivia_nan,0.0,0.0,0.0,0.0,0.0,0.0,0.0,0.0,0.0,0.0,0.0,0.0,0.0,0.0,0.0,0.0,0.0,0.0,0.0,0.0,0.0,0.0,0.0,0.0,0.0,0.0,0.0,0.0,0.0,0.0,0.0,0.0,0.0,0.0,0.0,0.0,0.0,0.0,0.0,0.0,0.0,0.0,0.0,0.0,0.0,0.0,0.0,0.0,0.0,2.0,3.0,2.0,16.0,52.0,17.0,16.0,11.0,16.0,16.0,25.0,28.0,32.0,30.0,32.0,43.0,68.0,85.0,83.0,92.0,109.0,111.0,117.0,125.0,132.0,144.0,175.0,188.0,194.0,242.0,272.0,268.0,275.0,313.0,332.0,364.0,415.0,441.0,465.0,493.0,520.0,564.0,598.0,623.0,768.0,819.0,866.0,950.0,1014.0,1014.0,1110.0,1116.0,1221.0,1221.0,1221.0,1251.0,1306.0,1368.0,1368.0,1457.0,1457.0,1457.0,1457.0,1457.0,1457.0,1457.0,1544.0,1544.0,1544.0,1611.0,1611.0,1632.0,1725.0,1725.0,1725.0,1725.0,1725.0,1820.0,1820.0,1829.0,1829.0
Bosnia and Herzegovina_nan,0.0,0.0,0.0,0.0,0.0,0.0,0.0,0.0,0.0,0.0,0.0,0.0,0.0,0.0,0.0,0.0,0.0,0.0,0.0,0.0,0.0,0.0,0.0,0.0,0.0,0.0,0.0,0.0,0.0,0.0,0.0,0.0,0.0,0.0,0.0,0.0,0.0,0.0,0.0,0.0,0.0,0.0,0.0,2.0,3.0,2.0,10.0,4.0,5.0,18.0,19.0,29.0,25.0,35.0,36.0,29.0,38.0,74.0,107.0,107.0,115.0,147.0,158.0,180.0,180.0,222.0,261.0,299.0,364.0,397.0,432.0,495.0,559.0,579.0,624.0,654.0,690.0,768.0,804.0,858.0,901.0,946.0,1009.0,1037.0,1083.0,1110.0,1167.0,1214.0,1268.0,1285.0,1309.0,1342.0,1368.0,1413.0,1421.0,1486.0,1516.0,1565.0,1585.0,1677.0,1677.0,1721.0,1758.0,1758.0,1758.0,1814.0,1814.0,1814.0,1822.0,1898.0,1898.0,2003.0,2003.0,2003.0,2003.0,2003.0,2136.0,2153.0,2153.0,2286.0,2286.0,2318.0,2318.0,2410.0,2410.0,2477.0,2477.0,2477.0,2477.0,2631.0
Brazil_nan,0.0,0.0,0.0,0.0,0.0,0.0,0.0,0.0,0.0,0.0,0.0,0.0,0.0,0.0,0.0,0.0,0.0,0.0,0.0,0.0,0.0,0.0,0.0,0.0,0.0,0.0,0.0,0.0,0.0,0.0,0.0,0.0,0.0,0.0,0.0,0.5,1.0,1.0,1.0,16.0,2.0,2.0,2.0,21.0,12.0,62.0,23.0,45.0,43.0,52.0,62.0,161.0,243.0,158.0,199.0,343.0,451.0,621.0,923.0,1075.0,1593.0,2178.0,2382.0,2642.0,3107.0,3620.0,4094.0,4474.0,4692.0,5737.0,7351.0,8435.0,9397.0,10588.0,11621.0,12357.0,14367.0,16975.0,18874.0,20149.0,21092.0,22353.0,23992.0,25653.0,28807.0,31555.0,33823.0,37430.0,39442.0,40854.0,43483.0,46409.0,50526.0,55344.0,59945.0,64327.0,67732.0,73812.0,81282.0,82038.0,84500.0,90146.0,89521.0,91832.0,94312.0,96969.0,95826.0,96299.0,103919.0,107334.0,106133.0,106133.0,106133.0,106133.0,106133.0,106133.0,106133.0,106133.0,106133.0,106970.0,110355.0,110355.0,110821.0,110821.0,113354.0,117362.0,116661.0,116661.0,122109.0,124308.0
Bulgaria_nan,0.0,0.0,0.0,0.0,0.0,0.0,0.0,0.0,0.0,0.0,0.0,0.0,0.0,0.0,0.0,0.0,0.0,0.0,0.0,0.0,0.0,0.0,0.0,0.0,0.0,0.0,0.0,0.0,0.0,0.0,0.0,0.0,0.0,0.0,0.0,0.0,0.0,0.0,0.0,0.0,0.0,0.0,0.0,0.0,0.0,0.0,4.0,6.0,4.0,6.0,20.0,22.0,86.0,75.0,70.0,67.0,105.0,112.0,121.0,172.0,193.0,191.0,202.0,229.0,252.0,277.0,312.0,331.0,346.0,359.0,400.0,422.0,457.0,485.0,503.0,531.0,549.0,577.0,593.0,618.0,635.0,661.0,675.0,685.0,713.0,747.0,800.0,846.0,878.0,894.0,929.0,975.0,1024.0,1120.0,1234.0,1247.0,1300.0,1363.0,1399.0,1447.0,1487.0,1487.0,1487.0,1530.0,1530.0,1530.0,1584.0,1584.0,1584.0,1622.0,1622.0,1636.0,1636.0,1681.0,1752.0,1752.0,1754.0,1796.0,1796.0,1901.0,1901.0,2020.0,2044.0,2181.0,2252.0,2283.0,2283.0,2489.0,2489.0,2564.0
Cameroon_nan,0.0,0.0,0.0,0.0,0.0,0.0,0.0,0.0,0.0,0.0,0.0,0.0,0.0,0.0,0.0,0.0,0.0,0.0,0.0,0.0,0.0,0.0,0.0,0.0,0.0,0.0,0.0,0.0,0.0,0.0,0.0,0.0,0.0,0.0,0.0,0.0,0.0,0.0,0.0,0.0,0.0,0.0,0.0,0.0,1.0,1.0,2.0,16.0,4.0,4.0,2.0,2.0,2.0,2.0,3.0,26.0,42.0,21.0,30.0,42.0,53.0,77.0,82.0,78.0,77.0,85.0,97.0,127.0,161.0,169.0,242.0,297.0,497.0,617.0,586.0,650.0,658.0,660.0,730.0,740.0,820.0,820.0,820.0,820.0,848.0,873.0,996.0,996.0,1017.0,1026.0,1163.0,1163.0,1163.0,1361.0,1430.0,1518.0,1621.0,1705.0,1705.0,1832.0,1894.0,2040.0,2168.0,2168.0,2168.0,2380.0,2491.0,2545.0,2545.0,2545.0,2798.0,2798.0,2915.0,2915.0,2915.0,2915.0,2915.0,2915.0,2915.0,2915.0,2915.0,2980.0,3035.0,3138.0,3138.0,3154.0,3154.0,3154.0,3216.0,3216.0
Canada_Alberta,0.0,0.0,0.0,0.0,0.0,0.0,0.0,0.0,0.0,0.0,0.0,0.0,0.0,0.0,0.0,0.0,0.0,0.0,0.0,0.0,0.0,0.0,0.0,0.0,0.0,0.0,0.0,0.0,0.0,0.0,0.0,0.0,0.0,0.0,0.0,0.0,0.0,0.0,0.0,0.0,0.0,0.0,0.0,0.0,1.0,2.0,17.0,21.0,30.0,22.0,54.0,28.0,58.0,42.0,67.0,87.0,107.0,125.0,148.0,194.0,267.0,310.0,342.0,359.0,432.0,567.0,542.0,542.0,640.0,661.0,690.0,905.0,980.0,969.0,1091.0,1181.0,1250.0,1373.0,1373.0,1423.0,1451.0,1567.0,1567.0,1732.0,1870.0,1870.0,2181.0,2493.0,2562.0,2803.0,2908.0,3098.0,3475.0,3720.0,4017.0,4233.0,4480.0,4696.0,4850.0,5165.0,5447.0,5447.0,5593.0,6038.0,6038.0,6113.0,6329.0,6329.0,6595.0,6726.0,6726.0,6968.0,6968.0,7247.0,7318.0,7318.0,7548.0,7808.0,7808.0,8248.0,8248.0,8672.0,8728.0,8777.0,8777.0,8777.0,8806.0,9412.0,9412.0,9412.0
Canada_British Columbia,0.0,0.0,0.0,0.0,0.0,0.0,0.0,1.0,1.0,1.0,1.0,1.0,1.0,1.0,1.0,18.0,4.0,24.0,5.0,5.0,4.0,5.0,4.0,4.0,4.0,4.0,4.0,7.0,5.0,5.0,5.5,9.0,6.0,6.0,6.666666666666667,8.333333333333334,7.0,7.0,7.5,8.0,8.0,8.5,13.0,19.0,21.0,34.0,25.0,40.0,39.0,39.0,51.0,70.0,80.0,71.0,107.0,127.0,176.0,287.0,292.0,423.0,520.0,455.0,624.0,720.0,703.0,783.0,872.0,967.0,951.0,1044.0,1029.0,1095.0,1223.0,1217.0,1203.0,1241.0,1286.0,1266.0,1323.0,1368.0,1422.0,1451.0,1447.0,1490.0,1490.0,1541.0,1568.0,1582.0,1626.0,1647.0,1671.0,1796.0,1819.0,1824.0,1908.0,1962.0,1948.0,2032.0,2076.0,2087.0,2087.0,2215.0,2316.0,2297.0,2297.0,2297.0,2367.0,2519.0,2498.0,2498.0,2564.0,2669.0,2732.0,2722.0,2722.0,2799.0,2912.0,2906.0,2988.0,3028.0,3264.0,3438.0,3502.0,3513.0,3640.0,3722.0,3708.0,3847.0,4151.0,4091.0
Canada_Ontario,0.0,0.0,0.0,0.0,1.0,1.0,1.0,1.0,1.0,3.0,35.0,7.0,7.0,4.0,4.0,4.0,4.0,3.0,3.0,3.0,3.0,3.0,3.0,3.0,3.0,3.0,3.0,3.0,3.0,3.0,3.0,3.0,3.0,3.0,9.0,4.0,6.0,15.0,11.0,32.0,28.0,27.0,24.0,22.0,27.0,31.0,30.0,32.0,38.0,39.0,43.0,67.0,102.0,96.0,177.0,219.0,197.0,250.0,304.0,368.0,422.0,474.0,564.0,660.0,817.0,978.0,1082.0,1274.0,1634.0,1939.0,2244.0,2696.0,3092.0,3448.0,4057.0,4354.0,4347.0,4903.0,5483.0,5762.0,6237.0,6648.0,7049.0,7470.0,7953.0,8940.0,9971.0,10456.0,11013.0,11561.0,12063.0,12715.0,13718.0,14068.0,14550.0,15012.0,15568.0,15970.0,16500.0,16978.0,17429.0,18147.0,18147.0,18435.0,19165.0,19165.0,20132.0,20132.0,20132.0,21073.0,21083.0,21083.0,21709.0,21709.0,22955.0,22955.0,22955.0,22955.0,23686.0,23686.0,23781.0,23781.0,23781.0,23781.0,24064.0,25172.0,25172.0,25172.0,25172.0,25172.0
Canada_Quebec,0.0,0.0,0.0,0.0,0.0,0.0,0.0,0.0,0.0,0.0,0.0,0.0,0.0,0.0,0.0,0.0,0.0,0.0,0.0,0.0,0.0,0.0,0.0,0.0,0.0,0.0,0.0,0.0,0.0,0.0,0.0,0.0,0.0,0.0,0.0,0.0,0.0,1.0,1.0,1.0,1.0,1.0,1.0,2.0,18.0,5.0,16.0,12.0,7.0,9.0,29.0,21.0,41.0,25.0,59.0,105.0,116.0,129.0,150.0,177.0,230.0,593.0,1175.0,1394.0,1575.0,1931.0,2449.0,2810.0,3255.0,4042.0,4502.0,5094.0,5905.0,6101.0,6998.0,8757.0,8580.0,9340.0,10070.0,10912.0,11677.0,12292.0,12846.0,13557.0,14248.0,14860.0,15857.0,16798.0,17521.0,17950.0,19319.0,20126.0,20965.0,21838.0,22616.0,23267.0,24109.0,24983.0,25761.0,26610.0,27527.0,29421.0,29421.0,29752.0,29752.0,29752.0,29752.0,29752.0,29752.0,29752.0,29752.0,30339.0,30339.0,30339.0,30339.0,30339.0,31060.0,32396.0,32396.0,32396.0,32396.0,32396.0,32396.0,32396.0,32396.0,32396.0,33475.0,33671.0,33671.0,35094.0
Chile_nan,0.0,0.0,0.0,0.0,0.0,0.0,0.0,0.0,0.0,0.0,0.0,0.0,0.0,0.0,0.0,0.0,0.0,0.0,0.0,0.0,0.0,0.0,0.0,0.0,0.0,0.0,0.0,0.0,0.0,0.0,0.0,0.0,0.0,0.0,0.0,0.0,0.0,0.0,0.0,0.0,0.0,1.0,1.0,3.0,46.0,9.0,13.0,25.0,13.0,42.0,51.0,43.0,86.0,91.0,154.0,254.0,246.0,238.0,393.0,616.0,619.0,702.0,886.0,1120.0,1284.0,1518.0,1860.0,2055.0,2277.0,2600.0,2851.0,3174.0,3524.0,3860.0,4174.0,4471.0,4815.0,5116.0,5546.0,5972.0,6501.0,6927.0,7213.0,7525.0,7917.0,8273.0,8807.0,9252.0,9730.0,10088.0,10507.0,10832.0,11296.0,11812.0,12306.0,12858.0,13331.0,13813.0,14365.0,14885.0,15920.0,15920.0,16632.0,16632.0,17125.0,17905.0,17905.0,18119.0,18119.0,19105.0,19953.0,20547.0,20547.0,21819.0,22624.0,22624.0,22624.0,22624.0,23501.0,24203.0,24203.0,24203.0,25227.0,25227.0,25859.0,27030.0,27432.0,27432.0,27432.0,27432.0
China_Guangdong,20.0,26.0,54.0,93.0,120.0,160.0,212.0,282.0,387.0,470.0,567.0,674.0,767.0,853.0,933.0,1006.0,1067.0,1120.0,1155.0,1167.0,1180.0,1213.0,1247.0,1250.0,1273.0,1303.0,1316.0,1322.0,1328.0,1331.0,1332.0,1333.0,1339.0,1342.0,1345.0,1347.0,1347.0,1347.5,1348.5,1349.0,1349.5,1350.0,1350.0,1350.0,1351.0,1352.0,1352.0,1352.0,1352.0,1353.0,1356.0,1356.0,1356.0,1356.0,1360.0,1361.0,1364.0,1370.0,1378.0,1395.0,1400.0,1413.0,1415.0,1428.0,1433.0,1448.0,1456.0,1467.0,1475.0,1484.0,1494.0,1501.0,1507.0,1514.0,1516.0,1524.0,1532.0,1533.0,1536.0,1539.0,1544.0,1548.0,1552.0,1555.0,1564.0,1566.0,1571.0,1577.0,1579.0,1580.0,1581.0,1582.0,1582.0,1585.0,1585.0,1586.0,1587.0,1587.0,1588.0,1609.0,1661.0,1661.0,1661.0,1661.0,1661.0,1661.0,1661.0,1690.0,1748.0,1746.0,1772.0,1858.0,1862.0,1928.0,2008.0,2116.0,2118.0,2118.0,2118.0,2156.0,2173.0,2173.0,2173.0,2173.0,2173.0,2173.0,2173.0,2189.0,2189.0,2189.0
China_Henan,1.0,5.0,7.0,41.0,132.0,192.0,198.0,207.0,308.0,413.0,476.0,525.0,595.0,701.0,817.0,888.0,945.0,998.0,1055.0,1090.0,1115.0,1137.0,1169.0,1182.0,1196.0,1219.0,1231.0,1246.0,1257.0,1262.0,1265.0,1267.0,1270.0,1271.0,1271.0,1271.0,1271.5,1272.0,1272.0,1272.0,1272.0,1272.0,1272.0,1272.0,1272.0,1272.0,1272.0,1272.0,1272.0,1272.0,1273.0,1273.0,1273.0,1273.0,1273.0,1273.0,1273.0,1273.0,1273.0,1273.0,1273.0,1274.0,1274.0,1274.0,1274.0,1275.0,1275.0,1275.0,1276.0,1276.0,1276.0,1276.0,1276.0,1276.0,1276.0,1276.0,1276.0,1276.0,1276.0,1276.0,1276.0,1276.0,1276.0,1276.0,1276.0,1276.0,1276.0,1276.0,1276.0,1276.0,1276.0,1276.0,1276.0,1276.0,1276.0,1276.0,1276.0,1276.0,1276.0,1276.0,1276.0,1276.0,1276.0,1276.0,1320.0,1320.0,1331.0,1383.0,1383.0,1385.0,1398.0,1398.0,1398.0,1398.0,1413.0,1462.0,1462.0,1462.0,1486.0,1533.0,1532.0,1532.0,1536.0,1536.0,1578.0,1648.0,1636.0,1641.0,1717.0,1719.0
China_Hong Kong,0.0,2.0,3.0,4.0,28.0,22.0,12.0,9.0,14.0,13.0,19.0,16.0,18.0,16.0,23.0,28.0,27.0,25.0,28.0,38.0,55.0,56.0,50.0,53.0,56.0,56.0,57.0,60.0,62.0,63.0,68.0,68.0,69.0,74.0,79.0,84.0,91.0,92.0,94.0,95.0,96.0,100.0,100.0,105.0,105.0,107.0,108.0,114.0,115.0,120.0,126.0,129.0,134.0,140.0,145.0,155.0,163.0,195.0,242.0,268.0,285.0,339.0,365.0,386.0,416.0,489.0,535.0,587.0,645.0,682.0,714.0,765.0,802.0,845.0,862.0,890.0,914.0,935.0,960.0,973.0,989.0,1000.0,1004.0,1009.0,1012.0,1017.0,1017.0,1021.0,1024.0,1025.0,1025.0,1029.0,1033.0,1035.0,1035.0,1037.0,1037.0,1037.0,1037.0,1037.0,1037.0,1085.0,1119.0,1119.0,1119.0,1119.0,1160.0,1160.0,1226.0,1226.0,1253.0,1294.0,1322.0,1394.0,1394.0,1455.0,1455.0,1492.0,1492.0,1526.0,1526.0,1548.0,1548.0,1629.0,1645.0,1645.0,1659.0,1771.0,1805.0,1857.0
China_Hubei,399.0,444.0,525.0,801.0,1100.0,1451.0,3395.0,4420.0,4491.0,6289.0,7571.0,11453.0,15566.0,17310.0,20539.0,23332.0,25774.0,28433.0,30623.0,32796.0,34241.0,33982.0,46434.0,62160.0,57649.0,56249.0,60374.0,62769.0,63158.0,62955.0,62442.0,62957.0,64084.0,64084.0,64287.0,64786.0,65391.5,65755.0,66125.5,66622.0,67005.0,67160.0,67274.5,67332.0,67466.0,67592.0,67666.0,67707.0,67743.0,67760.0,67773.0,67781.0,67786.0,67790.0,67794.0,67798.0,67799.0,67800.0,67800.0,67800.0,67800.0,67800.0,67800.0,67801.0,67801.0,67801.0,67801.0,67801.0,67801.0,67801.0,67801.0,67802.0,67802.0,67802.0,67803.0,67803.0,67803.0,67803.0,67803.0,67803.0,67803.0,67803.0,67803.0,67803.0,67803.0,67803.0,67803.0,68128.0,68128.0,68128.0,68128.0,68128.0,68128.0,68128.0,68128.0,68128.0,68128.0,68128.0,68128.0,68128.0,68128.0,68984.0,71189.0,71189.0,71189.0,72406.0,73749.0,76120.0,76500.0,79306.0,80124.0,81875.0,84286.0,84104.0,84809.0,90069.0,90018.0,90018.0,92414.0,92414.0,95063.0,99165.0,97833.0,97833.0,97833.0,97833.0,97833.0,98668.0,98668.0,98668.0
China_Hunan,3.0,8.0,42.0,72.0,100.0,122.0,152.0,227.0,345.0,369.0,416.0,493.0,562.0,619.0,694.0,742.0,788.0,830.0,845.0,888.0,928.0,949.0,969.0,979.0,988.0,1001.0,1004.0,1006.0,1007.0,1008.0,1010.0,1011.0,1013.0,1016.0,1016.0,1016.0,1016.5,1017.0,1017.5,1018.0,1018.0,1018.0,1018.0,1018.0,1018.0,1018.0,1018.0,1018.0,1018.0,1018.0,1018.0,1018.0,1018.0,1018.0,1018.0,1018.0,1018.0,1018.0,1018.0,1018.0,1018.0,1018.0,1018.0,1018.0,1018.0,1018.0,1018.0,1018.0,1018.0,1018.0,1018.0,1018.0,1019.0,1019.0,1019.0,1019.0,1019.0,1019.0,1019.0,1019.0,1019.0,1019.0,1019.0,1019.0,1019.0,1019.0,1019.0,1019.0,1019.0,1019.0,1019.0,1019.0,1019.0,1019.0,1019.0,1019.0,1019.0,1019.0,1019.0,1019.0,1019.0,1044.0,1044.0,1044.0,1053.0,1085.0,1085.0,1085.0,1088.0,1119.0,1119.0,1119.0,1119.0,1142.0,1142.0,1145.0,1145.0,1145.0,1158.0,1194.0,1194.0,1194.0,1194.0,1194.0,1194.0,1194.0,1217.0,1217.0,1217.0,1217.0
China_Zhejiang,5.0,22.0,75.0,78.0,118.0,152.0,172.0,294.0,506.0,602.0,640.0,679.0,756.0,868.0,961.0,984.0,1023.0,1064.0,1084.0,1093.0,1114.0,1130.0,1133.0,1145.0,1155.0,1162.0,1167.0,1171.0,1172.0,1174.0,1175.0,1203.0,1205.0,1205.0,1205.0,1205.0,1205.0,1205.0,1205.0,1205.0,1205.5,1209.5,1213.0,1213.0,1215.0,1215.0,1215.0,1215.0,1215.0,1215.0,1215.0,1215.0,1215.0,1227.0,1231.0,1231.0,1232.0,1232.0,1233.0,1234.0,1236.0,1238.0,1238.0,1240.0,1241.0,1243.0,1247.0,1251.0,1254.0,1255.0,1257.0,1257.0,1258.0,1260.0,1262.0,1263.0,1264.0,1265.0,1266.0,1267.0,1267.0,1267.0,1267.0,1267.0,1267.0,1268.0,1268.0,1268.0,1268.0,1268.0,1268.0,1268.0,1268.0,1268.0,1268.0,1268.0,1268.0,1268.0,1268.0,1268.0,1268.0,1268.0,1291.0,1291.0,1320.0,1362.0,1389.0,1421.0,1421.0,1421.0,1421.0,1429.0,1429.0,1429.0,1443.0,1443.0,1443.0,1443.0,1443.0,1443.0,1443.0,1443.0,1443.0,1443.0,1443.0,1443.0,1443.0,1460.0,1460.0,1460.0
Colombia_nan,0.0,0.0,0.0,0.0,0.0,0.0,0.0,0.0,0.0,0.0,0.0,0.0,0.0,0.0,0.0,0.0,0.0,0.0,0.0,0.0,0.0,0.0,0.0,0.0,0.0,0.0,0.0,0.0,0.0,0.0,0.0,0.0,0.0,0.0,0.0,0.0,0.0,0.0,0.0,0.0,0.0,0.0,0.0,0.0,1.0,1.0,1.0,1.0,3.0,40.0,54.0,27.0,40.0,58.0,83.0,108.0,104.0,119.0,126.0,199.0,259.0,267.0,362.0,484.0,487.0,491.0,574.0,675.0,768.0,858.0,999.0,1109.0,1163.0,1298.0,1406.0,1485.0,1629.0,1941.0,2108.0,2245.0,2510.0,2709.0,2776.0,2852.0,2979.0,3105.0,3233.0,3439.0,3439.0,3792.0,3977.0,4149.0,4356.0,4561.0,4881.0,5142.0,5379.0,5597.0,5949.0,6207.0,6207.0,6357.0,6357.0,6983.0,7146.0,7146.0,7146.0,7265.0,7409.0,7890.0,7890.0,8373.0,8373.0,8373.0,8458.0,8458.0,9120.0,9120.0,9120.0,9120.0,9120.0,9560.0,9560.0,9839.0,10104.0,10485.0,10485.0,10485.0,10485.0,10485.0
Cote d'Ivoire_nan,0.0,0.0,0.0,0.0,0.0,0.0,0.0,0.0,0.0,0.0,0.0,0.0,0.0,0.0,0.0,0.0,0.0,0.0,0.0,0.0,0.0,0.0,0.0,0.0,0.0,0.0,0.0,0.0,0.0,0.0,0.0,0.0,0.0,0.0,0.0,0.0,0.0,0.0,0.0,0.0,0.0,0.0,0.0,0.0,0.0,0.0,0.0,0.0,0.0,1.0,1.0,1.0,1.0,1.0,1.0,5.0,70.0,23.0,36.0,18.0,32.0,30.0,98.0,139.0,100.0,106.0,101.0,153.0,207.0,168.0,179.0,190.0,198.0,236.0,251.0,291.0,345.0,350.0,408.0,444.0,469.0,563.0,579.0,626.0,638.0,638.0,654.0,735.0,810.0,847.0,847.0,916.0,952.0,1004.0,1077.0,1077.0,1150.0,1164.0,1183.0,1238.0,1270.0,1303.0,1303.0,1323.0,1430.0,1454.0,1454.0,1454.0,1454.0,1461.0,1504.0,1581.0,1581.0,1581.0,1581.0,1581.0,1686.0,1686.0,1716.0,1764.0,1764.0,1764.0,1834.0,1860.0,1860.0,1948.0,1948.0,1948.0,1948.0,1948.0
Croatia_nan,0.0,0.0,0.0,0.0,0.0,0.0,0.0,0.0,0.0,0.0,0.0,0.0,0.0,0.0,0.0,0.0,0.0,0.0,0.0,0.0,0.0,0.0,0.0,0.0,0.0,0.0,0.0,0.0,0.0,0.0,0.0,0.0,0.0,0.0,0.5,2.0,29.0,3.0,20.0,10.0,11.0,8.0,18.0,10.0,10.0,13.0,12.0,12.0,12.0,19.0,25.0,28.0,54.0,53.0,66.0,70.0,85.0,115.0,143.0,211.0,300.0,331.0,403.0,473.0,521.0,605.0,704.0,741.0,804.0,897.0,989.0,1048.0,1083.0,1144.0,1190.0,1234.0,1282.0,1351.0,1409.0,1492.0,1547.0,1578.0,1647.0,1696.0,1733.0,1771.0,1803.0,1814.0,1836.0,1871.0,1881.0,1913.0,1954.0,1981.0,2009.0,2016.0,2030.0,2039.0,2047.0,2071.0,2124.0,2172.0,2242.0,2242.0,2242.0,2284.0,2372.0,2473.0,2442.0,2442.0,2442.0,2486.0,2486.0,2486.0,2512.0,2615.0,2677.0,2677.0,2677.0,2777.0,2794.0,2824.0,2917.0,2914.0,2914.0,2998.0,3094.0,3314.0,3295.0,3295.0
Cuba_nan,0.0,0.0,0.0,0.0,0.0,0.0,0.0,0.0,0.0,0.0,0.0,0.0,0.0,0.0,0.0,0.0,0.0,0.0,0.0,0.0,0.0,0.0,0.0,0.0,0.0,0.0,0.0,0.0,0.0,0.0,0.0,0.0,0.0,0.0,0.0,0.0,0.0,0.0,0.0,0.0,0.0,0.0,0.0,0.0,0.0,0.0,0.0,0.0,0.0,0.0,3.0,5.0,8.0,4.0,4.0,5.0,11.0,18.0,29.0,33.0,44.0,60.0,53.0,64.0,72.0,83.0,119.0,157.0,164.0,185.0,200.0,225.0,256.0,281.0,295.0,329.0,369.0,432.0,491.0,528.0,571.0,622.0,670.0,726.0,766.0,814.0,862.0,923.0,986.0,1035.0,1087.0,1137.0,1189.0,1235.0,1285.0,1337.0,1369.0,1389.0,1437.0,1467.0,1547.0,1547.0,1547.0,1630.0,1630.0,1648.0,1751.0,1751.0,1751.0,1798.0,1798.0,1878.0,1878.0,1992.0,2001.0,2027.0,2027.0,2166.0,2272.0,2272.0,2289.0,2396.0,2396.0,2506.0,2657.0,2657.0,2657.0,2657.0,2657.0,2820.0
Czechia_nan,0.0,0.0,0.0,0.0,0.0,0.0,0.0,0.0,0.0,0.0,0.0,0.0,0.0,0.0,0.0,0.0,0.0,0.0,0.0,0.0,0.0,0.0,0.0,0.0,0.0,0.0,0.0,0.0,0.0,0.0,0.0,0.0,0.0,0.0,0.0,0.0,0.0,0.0,0.0,3.0,4.0,4.0,17.0,24.0,31.0,32.0,31.0,50.0,42.0,97.0,138.0,129.0,206.0,263.0,306.0,382.0,477.0,657.0,880.0,953.0,1068.0,1166.0,1309.0,1573.0,1872.0,2162.0,2507.0,2660.0,2817.0,3032.0,3311.0,3535.0,3858.0,4091.0,4472.0,4587.0,4822.0,5017.0,5312.0,5569.0,5732.0,5831.0,5991.0,6059.0,6111.0,6216.0,6433.0,6549.0,6606.0,6746.0,6900.0,7033.0,7132.0,7187.0,7273.0,7352.0,7404.0,7445.0,7504.0,7579.0,7579.0,7735.0,7735.0,8046.0,8046.0,8046.0,8046.0,8583.0,8583.0,8758.0,9059.0,9059.0,9447.0,9652.0,9652.0,10160.0,10160.0,10160.0,10655.0,10655.0,10655.0,10655.0,11097.0,11436.0,11750.0,11750.0,11814.0,11814.0,12102.0,12102.0
Denmark_nan,0.0,0.0,0.0,0.0,0.0,0.0,0.0,0.0,0.0,0.0,0.0,0.0,0.0,0.0,0.0,0.0,0.0,0.0,0.0,0.0,0.0,0.0,0.0,0.0,0.0,0.0,0.0,0.0,0.0,0.0,0.0,0.0,0.0,0.0,0.0,0.0,1.0,1.0,3.0,31.0,15.0,11.0,19.0,23.0,28.0,62.0,36.0,102.0,304.0,555.0,681.0,824.0,841.0,827.0,864.0,946.0,1004.0,1079.0,1162.0,1255.0,1326.0,1395.0,1450.0,1604.0,1724.0,1877.0,2046.0,2201.0,2395.0,2618.0,2890.0,3107.0,3447.0,3789.0,4077.0,4369.0,4681.0,5071.0,5402.0,5635.0,5819.0,5996.0,6174.0,6318.0,6511.0,6681.0,6879.0,7073.0,7242.0,7384.0,7515.0,7695.0,7912.0,8073.0,8210.0,8445.0,8575.0,8698.0,8851.0,9008.0,9008.0,9311.0,9311.0,9311.0,9515.0,9515.0,10069.0,10069.0,10679.0,10679.0,10679.0,10679.0,11266.0,11757.0,11766.0,12620.0,12620.0,12620.0,12620.0,12620.0,13471.0,13471.0,13471.0,13851.0,13851.0,14274.0,14311.0,14311.0,14311.0,14342.0
Djibouti_nan,0.0,0.0,0.0,0.0,0.0,0.0,0.0,0.0,0.0,0.0,0.0,0.0,0.0,0.0,0.0,0.0,0.0,0.0,0.0,0.0,0.0,0.0,0.0,0.0,0.0,0.0,0.0,0.0,0.0,0.0,0.0,0.0,0.0,0.0,0.0,0.0,0.0,0.0,0.0,0.0,0.0,0.0,0.0,0.0,0.0,0.0,0.0,0.0,0.0,0.0,0.0,0.0,0.0,0.0,0.0,0.0,1.0,1.0,1.0,1.0,1.0,3.0,35.0,14.0,75.0,20.0,25.0,27.0,32.0,30.0,52.0,40.0,53.0,55.0,55.0,90.0,109.0,119.0,154.0,135.0,175.0,220.0,284.0,375.0,423.0,559.0,743.0,732.0,733.0,846.0,853.0,945.0,974.0,986.0,999.0,1008.0,1023.0,1035.0,1072.0,1077.0,1077.0,1129.0,1129.0,1129.0,1129.0,1129.0,1132.0,1132.0,1155.0,1155.0,1155.0,1155.0,1155.0,1187.0,1234.0,1234.0,1298.0,1328.0,1328.0,1328.0,1328.0,1423.0,1423.0,1423.0,1439.0,1457.0,1494.0,1494.0,1505.0,1505.0
Dominican Republic_nan,0.0,0.0,0.0,0.0,0.0,0.0,0.0,0.0,0.0,0.0,0.0,0.0,0.0,0.0,0.0,0.0,0.0,0.0,0.0,0.0,0.0,0.0,0.0,0.0,0.0,0.0,0.0,0.0,0.0,0.0,0.0,0.0,0.0,0.0,0.0,0.0,0.0,0.0,0.0,1.0,1.0,1.0,1.0,1.0,2.0,18.0,6.0,36.0,9.0,9.0,7.0,7.0,11.0,34.0,12.0,21.0,40.0,33.0,87.0,148.0,219.0,291.0,309.0,392.0,494.0,581.0,697.0,847.0,875.0,1000.0,1269.0,1327.0,1380.0,1488.0,1554.0,1781.0,1828.0,1956.0,2158.0,2436.0,2620.0,2759.0,2967.0,3167.0,3286.0,3614.0,3755.0,4126.0,4335.0,4680.0,4964.0,5044.0,5300.0,5543.0,5749.0,5926.0,6135.0,6293.0,6416.0,6652.0,6962.0,6962.0,6962.0,6962.0,7511.0,7511.0,7572.0,7572.0,7572.0,7972.0,7972.0,7972.0,7972.0,7972.0,8445.0,8457.0,8457.0,8457.0,8549.0,8549.0,8811.0,8811.0,9125.0,9125.0,9125.0,9125.0,9125.0,9125.0,9691.0,9691.0
Ecuador_nan,0.0,0.0,0.0,0.0,0.0,0.0,0.0,0.0,0.0,0.0,0.0,0.0,0.0,0.0,0.0,0.0,0.0,0.0,0.0,0.0,0.0,0.0,0.0,0.0,0.0,0.0,0.0,0.0,0.0,0.0,0.0,0.0,0.0,0.0,0.0,0.0,0.0,0.0,0.0,5.0,9.0,6.0,11.0,21.0,20.0,13.0,13.0,16.0,16.0,16.0,19.0,17.0,25.0,42.0,33.0,63.0,122.0,226.0,396.0,566.0,780.0,1039.0,1065.0,1088.0,1320.0,1588.0,1742.0,1832.0,1924.0,1998.0,2623.0,3102.0,3163.0,3368.0,3465.0,3646.0,3747.0,3965.0,4814.0,6573.0,7521.0,7257.0,7466.0,7529.0,7603.0,7858.0,8225.0,8450.0,9022.0,9468.0,10128.0,10398.0,10850.0,20393.0,26697.0,22719.0,22719.0,23240.0,24258.0,26150.0,28627.0,28627.0,31577.0,32167.0,34723.0,37586.0,38582.0,39668.0,39668.0,39668.0,40511.0,40904.0,41199.0,41199.0,41271.0,41271.0,42964.0,42964.0,42964.0,42964.0,44681.0,46390.0,46798.0,48877.0,48877.0,49134.0,49134.0,49134.0,51544.0,52224.0
Egypt_nan,-2.0,0.0,0.0,0.0,0.0,0.0,0.0,0.0,0.0,0.0,0.0,0.0,0.0,0.0,0.0,0.0,0.0,0.0,0.0,0.0,0.0,0.0,0.0,0.0,1.0,1.0,1.0,1.0,1.0,1.0,1.0,1.0,1.0,1.0,1.0,1.0,1.0,1.0,1.0,1.5,14.0,2.0,2.0,2.0,20.0,91.0,59.0,142.0,75.0,75.0,81.0,95.0,118.0,133.0,140.0,215.0,223.0,241.0,318.0,308.0,320.0,383.0,420.0,463.0,516.0,542.0,583.0,620.0,661.0,722.0,792.0,880.0,1003.0,1107.0,1182.0,1340.0,1503.0,1595.0,1718.0,1840.0,1950.0,2108.0,2221.0,2365.0,2541.0,2699.0,2868.0,3057.0,3181.0,3315.0,3527.0,3673.0,3893.0,4132.0,4324.0,4544.0,4788.0,5059.0,5293.0,5388.0,5378.0,5459.0,5865.0,6238.0,6414.0,6471.0,6571.0,6986.0,7672.0,7540.0,7572.0,7572.0,7572.0,7572.0,7686.0,7886.0,7927.0,7927.0,7927.0,8154.0,8154.0,8154.0,8333.0,8656.0,8630.0,8630.0,8936.0,9332.0,9204.0,9204.0
Estonia_nan,0.0,0.0,0.0,0.0,0.0,0.0,0.0,0.0,0.0,0.0,0.0,0.0,0.0,0.0,0.0,0.0,0.0,0.0,0.0,0.0,0.0,0.0,0.0,0.0,0.0,0.0,0.0,0.0,0.0,0.0,0.0,0.0,0.0,0.0,0.0,0.0,1.0,1.0,1.0,1.0,1.0,2.0,18.0,5.0,21.0,57.0,20.0,17.0,16.0,21.0,26.0,74.0,206.0,190.0,237.0,229.0,249.0,271.0,273.0,288.0,310.0,326.0,352.0,369.0,496.0,588.0,577.0,645.0,679.0,715.0,745.0,787.0,895.0,971.0,1039.0,1097.0,1108.0,1149.0,1185.0,1207.0,1258.0,1304.0,1309.0,1332.0,1373.0,1400.0,1434.0,1459.0,1512.0,1528.0,1535.0,1552.0,1559.0,1592.0,1605.0,1635.0,1643.0,1647.0,1660.0,1666.0,1666.0,1769.0,1791.0,1791.0,1791.0,1791.0,1882.0,1952.0,1952.0,1952.0,1989.0,1989.0,1990.0,1990.0,2115.0,2115.0,2119.0,2222.0,2222.0,2229.0,2373.0,2380.0,2512.0,2561.0,2561.0,2614.0,2614.0,2810.0,2810.0,2917.0
Finland_nan,-1.0,0.0,0.0,0.0,0.0,0.0,0.0,0.0,1.0,1.0,1.0,1.0,1.0,1.0,1.0,1.0,1.0,1.0,1.0,1.0,1.0,1.0,1.0,1.0,1.0,1.0,1.0,1.0,1.0,1.0,1.0,1.0,1.0,1.0,1.0,1.6666666666666667,16.5,2.5,3.0,13.5,26.5,10.5,9.0,11.0,35.0,24.0,26.0,43.0,50.0,71.0,81.0,146.0,303.0,290.0,277.0,339.0,370.0,406.0,493.0,544.0,648.0,744.0,810.0,909.0,993.0,1066.0,1194.0,1297.0,1363.0,1456.0,1462.0,1505.0,1636.0,1896.0,2043.0,2116.0,2381.0,2501.0,2642.0,2785.0,2952.0,2999.0,3050.0,3157.0,3242.0,3340.0,3490.0,3654.0,3793.0,3822.0,3954.0,4125.0,4252.0,4380.0,4435.0,4506.0,4645.0,4708.0,4806.0,4906.0,4906.0,4968.0,5010.0,5187.0,5216.0,5229.0,5357.0,5570.0,5521.0,5568.0,5734.0,5941.0,5889.0,5949.0,6150.0,6138.0,6138.0,6190.0,6390.0,6802.0,6815.0,6936.0,6936.0,6936.0,6936.0,7042.0,7042.0,7104.0,7104.0,7104.0
France_nan,-5.0,0.0,0.0,2.0,6.0,3.0,3.0,8.0,7.0,6.0,6.0,9.0,6.0,6.0,6.0,6.0,6.0,6.0,26.0,11.0,11.0,11.0,11.0,11.0,11.0,12.0,12.0,12.0,12.0,12.0,12.0,12.0,12.0,12.0,13.333333333333334,19.333333333333332,40.5,83.5,116.5,168.0,207.0,246.0,287.0,424.0,685.0,1081.0,1254.0,1251.0,1745.0,2585.0,2539.0,3440.0,5189.0,4855.0,6217.0,8814.0,9359.0,11188.0,13429.0,14890.0,16552.0,20368.0,24071.0,25899.0,29896.0,34488.0,38772.0,41957.0,45023.0,53350.0,60424.0,60518.0,63734.0,70724.0,72118.0,74082.0,79400.0,82795.0,86518.0,91156.0,94110.0,117735.0,137524.0,126164.0,130070.0,144880.0,153079.0,146923.0,149574.0,154833.0,155499.0,156921.0,154715.0,157026.0,158636.0,160292.0,160847.0,165167.0,167605.0,165093.0,167242.0,167242.0,167242.0,167242.0,167614.0,173319.0,175256.0,175256.0,175256.0,175256.0,175256.0,176464.0,181170.0,181170.0,191835.0,196936.0,200743.0,206121.0,216479.0,232647.0,230175.0,230175.0,239171.0,241375.0,241375.0,241375.0,241375.0,241375.0,241375.0,241375.0
Germany_nan,-2.0,0.0,0.0,0.0,0.0,0.0,3.0,45.0,4.0,9.0,11.0,20.0,18.0,22.0,12.0,12.0,13.0,13.0,13.0,14.0,14.0,18.0,16.0,16.0,16.0,16.0,16.0,16.0,16.0,16.0,16.0,16.0,16.0,16.0,16.666666666666668,26.666666666666668,57.0,69.5,77.0,153.0,197.0,211.0,279.0,506.0,790.0,881.0,1059.0,1290.0,1496.0,2020.0,2320.0,3561.0,5382.0,6037.0,7556.0,9790.0,13011.0,16577.0,20797.0,24108.0,25438.0,29811.0,35044.0,38939.0,45291.0,53479.0,59990.0,64309.0,67845.0,73371.0,79747.0,87057.0,93496.0,97663.0,100679.0,103791.0,107800.0,113971.0,119356.0,122255.0,124203.0,126527.0,129152.0,130204.0,132696.0,136755.0,139653.0,141693.0,143342.0,145184.0,147065.0,148291.0,150798.0,153129.0,154999.0,156513.0,157770.0,158758.0,159912.0,161539.0,161539.0,161539.0,161539.0,161539.0,165940.0,165940.0,165940.0,165940.0,167937.0,172829.0,172829.0,174060.0,174060.0,181778.0,184282.0,184282.0,184282.0,184282.0,184282.0,184282.0,184282.0,184282.0,186107.0,188867.0,188867.0,188867.0,191773.0,197533.0,197456.0,197456.0
Ghana_nan,0.0,0.0,0.0,0.0,0.0,0.0,0.0,0.0,0.0,0.0,0.0,0.0,0.0,0.0,0.0,0.0,0.0,0.0,0.0,0.0,0.0,0.0,0.0,0.0,0.0,0.0,0.0,0.0,0.0,0.0,0.0,0.0,0.0,0.0,0.0,0.0,0.0,0.0,0.0,0.0,0.0,0.0,0.0,0.0,0.0,0.0,0.0,0.0,0.0,0.0,0.0,0.0,3.0,7.0,20.0,6.0,12.0,10.0,26.0,29.0,30.0,32.0,55.0,118.0,161.0,156.0,137.0,142.0,152.0,152.0,185.0,206.0,204.0,205.0,205.0,214.0,255.0,325.0,342.0,378.0,378.0,520.0,604.0,566.0,636.0,636.0,641.0,753.0,1051.0,1042.0,1042.0,1042.0,1154.0,1154.0,1279.0,1369.0,1550.0,1550.0,1671.0,1671.0,1671.0,1671.0,1732.0,1732.0,1825.0,1825.0,1825.0,1828.0,1828.0,1828.0,1828.0,1907.0,1907.0,1907.0,2002.0,2002.0,2002.0,2003.0,2003.0,2028.0,2119.0,2119.0,2119.0,2255.0,2255.0,2305.0,2412.0,2412.0,2412.0,2547.0
Greece_nan,0.0,0.0,0.0,0.0,0.0,0.0,0.0,0.0,0.0,0.0,0.0,0.0,0.0,0.0,0.0,0.0,0.0,0.0,0.0,0.0,0.0,0.0,0.0,0.0,0.0,0.0,0.0,0.0,0.0,0.0,0.0,0.0,0.0,0.0,0.0,0.5,2.0,30.0,5.0,9.0,19.0,7.0,8.0,37.0,98.0,69.0,79.0,102.0,90.0,114.0,111.0,179.0,290.0,338.0,383.0,370.0,444.0,442.0,489.0,576.0,631.0,725.0,765.0,818.0,917.0,990.0,1078.0,1188.0,1240.0,1310.0,1445.0,1568.0,1651.0,1673.0,1731.0,1765.0,1812.0,1899.0,1946.0,1999.0,2058.0,2100.0,2114.0,2145.0,2170.0,2192.0,2207.0,2224.0,2235.0,2235.0,2332.0,2437.0,2408.0,2463.0,2490.0,2506.0,2517.0,2534.0,2566.0,2576.0,2576.0,2576.0,2576.0,2576.0,2576.0,2576.0,2619.0,2619.0,2619.0,2619.0,2619.0,2619.0,2619.0,2619.0,2619.0,2619.0,2619.0,2619.0,2619.0,2619.0,2619.0,2641.0,2684.0,2766.0,2766.0,2819.0,2957.0,2935.0,2935.0,2935.0
Guinea_nan,0.0,0.0,0.0,0.0,0.0,0.0,0.0,0.0,0.0,0.0,0.0,0.0,0.0,0.0,0.0,0.0,0.0,0.0,0.0,0.0,0.0,0.0,0.0,0.0,0.0,0.0,0.0,0.0,0.0,0.0,0.0,0.0,0.0,0.0,0.0,0.0,0.0,0.0,0.0,0.0,0.0,0.0,0.0,0.0,0.0,0.0,0.0,0.0,0.0,0.0,0.0,1.0,1.0,1.0,1.0,1.0,1.0,1.0,1.0,2.0,18.0,6.0,26.0,7.0,7.0,9.0,29.0,17.0,47.0,33.0,31.0,61.0,97.0,123.0,145.0,122.0,134.0,164.0,192.0,211.0,233.0,250.0,281.0,367.0,384.0,405.0,441.0,482.0,537.0,589.0,630.0,708.0,802.0,896.0,954.0,996.0,1027.0,1206.0,1240.0,1351.0,1351.0,1504.0,1609.0,1609.0,1660.0,1841.0,1962.0,1965.0,2102.0,2102.0,2258.0,2258.0,2258.0,2259.0,2315.0,2315.0,2330.0,2352.0,2384.0,2434.0,2434.0,2452.0,2452.0,2605.0,2605.0,2605.0,2633.0,2633.0,2813.0,2813.0
Hungary_nan,0.0,0.0,0.0,0.0,0.0,0.0,0.0,0.0,0.0,0.0,0.0,0.0,0.0,0.0,0.0,0.0,0.0,0.0,0.0,0.0,0.0,0.0,0.0,0.0,0.0,0.0,0.0,0.0,0.0,0.0,0.0,0.0,0.0,0.0,0.0,0.0,0.0,0.0,0.0,0.0,0.0,0.0,2.0,3.0,2.0,3.0,23.0,25.0,20.0,14.0,24.0,21.0,43.0,48.0,40.0,54.0,66.0,74.0,91.0,103.0,131.0,170.0,191.0,212.0,258.0,290.0,329.0,390.0,436.0,456.0,492.0,539.0,589.0,623.0,679.0,733.0,744.0,834.0,911.0,1090.0,1270.0,1310.0,1410.0,1458.0,1512.0,1579.0,1652.0,1763.0,1834.0,1916.0,1984.0,2098.0,2168.0,2284.0,2443.0,2443.0,2500.0,2583.0,2649.0,2727.0,2727.0,2825.0,2980.0,3086.0,3268.0,3368.0,3403.0,3403.0,3593.0,3593.0,3666.0,3666.0,3939.0,3991.0,3991.0,3991.0,4073.0,4132.0,4132.0,4132.0,4132.0,4132.0,4285.0,4285.0,4285.0,4531.0,4600.0,4695.0,4757.0,4757.0
Iceland_nan,0.0,0.0,0.0,0.0,0.0,0.0,0.0,0.0,0.0,0.0,0.0,0.0,0.0,0.0,0.0,0.0,0.0,0.0,0.0,0.0,0.0,0.0,0.0,0.0,0.0,0.0,0.0,0.0,0.0,0.0,0.0,0.0,0.0,0.0,0.0,0.0,0.0,1.0,1.0,3.0,33.0,35.0,57.0,72.0,55.0,78.0,76.0,61.0,75.0,90.0,105.0,133.0,160.0,165.0,171.0,203.0,252.0,314.0,412.0,462.0,531.0,573.0,588.0,693.0,776.0,825.0,899.0,963.0,1020.0,1086.0,1135.0,1220.0,1319.0,1364.0,1417.0,1486.0,1562.0,1586.0,1616.0,1648.0,1675.0,1689.0,1701.0,1711.0,1720.0,1727.0,1739.0,1754.0,1760.0,1771.0,1773.0,1778.0,1785.0,1789.0,1789.0,1790.0,1792.0,1792.0,1795.0,1797.0,1797.0,1797.0,1878.0,1886.0,1950.0,1950.0,1950.0,1992.0,1992.0,2094.0,2094.0,2129.0,2240.0,2328.0,2351.0,2351.0,2356.0,2356.0,2516.0,2516.0,2581.0,2659.0,2806.0,2806.0,2955.0,2955.0,2955.0,2955.0,2955.0,2955.0
India_nan,-4.0,0.0,0.0,0.0,0.0,0.0,0.0,0.0,0.0,1.0,1.0,1.0,17.0,10.0,4.0,3.0,3.0,3.0,3.0,3.0,3.0,3.0,3.0,3.0,3.0,3.0,3.0,3.0,3.0,3.0,3.0,3.0,3.0,3.0,3.0,3.0,3.0,3.0,3.0,3.0,4.0,13.5,25.5,121.0,40.0,43.0,44.0,51.0,59.0,76.0,72.0,85.0,103.0,123.0,122.0,139.0,167.0,195.0,258.0,347.0,432.0,514.0,580.0,653.0,786.0,906.0,1059.0,1061.0,1227.0,1508.0,2005.0,2798.0,2801.0,2910.0,3805.0,4961.0,5872.0,6027.0,6830.0,7916.0,8804.0,9515.0,10666.0,11960.0,12648.0,13574.0,14731.0,15928.0,17991.0,19280.0,20025.0,21744.0,23360.0,24987.0,26562.0,28291.0,29700.0,31508.0,33434.0,33478.0,33062.0,33120.0,36146.0,39285.0,38564.0,38396.0,39324.0,40429.0,40209.0,40209.0,40820.0,41725.0,41725.0,42749.0,44545.0,44170.0,44170.0,46322.0,48064.0,47366.0,49005.0,50548.0,50981.0,50981.0,50981.0,51058.0,51058.0,51058.0,52189.0,52189.0
Indonesia_nan,0.0,0.0,0.0,0.0,0.0,0.0,0.0,0.0,0.0,0.0,0.0,0.0,0.0,0.0,0.0,0.0,0.0,0.0,0.0,0.0,0.0,0.0,0.0,0.0,0.0,0.0,0.0,0.0,0.0,0.0,0.0,0.0,0.0,0.0,0.0,0.0,0.0,0.0,0.0,0.0,2.0,3.0,2.0,2.0,4.0,20.0,7.0,29.0,72.0,57.0,53.0,71.0,132.0,138.0,143.0,167.0,232.0,317.0,384.0,430.0,501.0,552.0,649.0,771.0,854.0,981.0,1109.0,1192.0,1320.0,1427.0,1546.0,1677.0,1819.0,1986.0,2092.0,2292.0,2536.0,2738.0,3004.0,3293.0,3512.0,3911.0,4241.0,4557.0,4839.0,5136.0,5516.0,5923.0,6248.0,6575.0,6760.0,7135.0,7418.0,7775.0,8211.0,8607.0,8882.0,9096.0,9511.0,9771.0,10087.0,10087.0,10871.0,10871.0,10871.0,11139.0,11964.0,12455.0,12455.0,12455.0,12505.0,12505.0,12505.0,12505.0,13308.0,13308.0,13527.0,14101.0,14101.0,14498.0,14498.0,15374.0,15709.0,16316.0,16316.0,16316.0,16395.0,16395.0,17443.0,17720.0
Iran_nan,0.0,0.0,0.0,0.0,0.0,0.0,0.0,0.0,0.0,0.0,0.0,0.0,0.0,0.0,0.0,0.0,0.0,0.0,0.0,0.0,0.0,0.0,0.0,0.0,0.0,0.0,0.0,0.0,0.0,2.0,34.0,63.0,75.0,83.0,107.0,159.5,298.0,464.0,661.0,1053.0,1662.0,2523.0,3283.0,3688.0,4874.0,6410.0,7034.0,7391.0,8253.0,9420.0,10506.0,11780.0,13176.0,14364.0,15308.0,16426.0,17736.0,18799.0,19884.0,20959.0,21769.0,23143.0,25100.0,27361.0,29850.0,32725.0,36018.0,38991.0,42028.0,45378.0,48363.0,51139.0,53818.0,56262.0,58605.0,60812.0,62706.0,64516.0,66063.0,67706.0,69688.0,71177.0,72540.0,74050.0,75495.0,76987.0,78517.0,79755.0,80956.0,82217.0,83505.0,84802.0,85996.0,87026.0,88194.0,89328.0,90481.0,91472.0,92584.0,93657.0,94343.0,96779.0,96779.0,96779.0,98875.0,101955.0,101534.0,101534.0,101534.0,102706.0,102706.0,102706.0,103672.0,103672.0,106043.0,108648.0,108648.0,112212.0,112212.0,112212.0,120363.0,122699.0,121686.0,121939.0,125769.0,125769.0,129079.0,134286.0,132760.0,135332.0
Iraq_nan,0.0,0.0,0.0,0.0,0.0,0.0,0.0,0.0,0.0,0.0,0.0,0.0,0.0,0.0,0.0,0.0,0.0,0.0,0.0,0.0,0.0,0.0,0.0,0.0,0.0,0.0,0.0,0.0,0.0,0.0,0.0,0.0,0.0,0.0,1.0,4.5,60.0,22.0,20.0,35.0,36.0,55.0,56.0,38.0,39.0,59.0,73.0,63.0,67.0,79.0,71.0,96.0,133.0,117.0,121.0,155.0,182.0,192.0,221.0,219.0,229.0,273.0,330.0,367.0,386.0,461.0,540.0,560.0,634.0,731.0,751.0,773.0,834.0,893.0,975.0,1058.0,1130.0,1220.0,1250.0,1265.0,1324.0,1358.0,1374.0,1390.0,1400.0,1415.0,1457.0,1504.0,1513.0,1541.0,1578.0,1603.0,1648.0,1691.0,1730.0,1800.0,1830.0,1884.0,1996.0,2003.0,2003.0,2055.0,2055.0,2055.0,2055.0,2055.0,2133.0,2205.0,2192.0,2192.0,2192.0,2192.0,2192.0,2211.0,2252.0,2252.0,2252.0,2252.0,2252.0,2252.0,2252.0,2285.0,2285.0,2343.0,2343.0,2343.0,2343.0,2422.0,2463.0,2463.0
Ireland_nan,0.0,0.0,0.0,0.0,0.0,0.0,0.0,0.0,0.0,0.0,0.0,0.0,0.0,0.0,0.0,0.0,0.0,0.0,0.0,0.0,0.0,0.0,0.0,0.0,0.0,0.0,0.0,0.0,0.0,0.0,0.0,0.0,0.0,0.0,0.0,0.0,0.0,0.0,1.0,1.0,1.0,2.0,21.0,45.0,26.0,66.0,28.0,32.0,44.0,65.0,52.0,84.0,162.0,146.0,148.0,231.0,301.0,542.0,777.0,749.0,835.0,1079.0,1324.0,1511.0,1748.0,2015.0,2299.0,2470.0,2680.0,3037.0,3243.0,3513.0,4007.0,4297.0,4604.0,4994.0,5364.0,5709.0,6074.0,7429.0,8718.0,8928.0,9655.0,10663.0,11532.0,12547.0,13271.0,13980.0,14758.0,15251.0,15652.0,16040.0,16671.0,17607.0,18184.0,18561.0,19262.0,19648.0,19877.0,20253.0,20483.0,21331.0,22697.0,22697.0,23484.0,23484.0,24022.0,24832.0,24832.0,24832.0,24832.0,26023.0,26023.0,26023.0,26023.0,27018.0,27263.0,27665.0,27665.0,28871.0,28871.0,28871.0,28871.0,28871.0,28871.0,28871.0,28871.0,28871.0,28902.0,28902.0
Israel_nan,0.0,0.0,0.0,0.0,0.0,0.0,0.0,0.0,0.0,0.0,0.0,0.0,0.0,0.0,0.0,0.0,0.0,0.0,0.0,0.0,0.0,0.0,0.0,0.0,0.0,0.0,0.0,0.0,0.0,0.0,0.0,1.0,1.0,1.0,1.0,2.0,16.0,12.0,18.0,28.0,23.0,15.0,22.0,25.0,46.0,69.0,66.0,77.0,74.0,91.0,102.0,141.0,170.0,224.0,252.0,243.0,315.0,452.0,592.0,741.0,957.0,1129.0,1306.0,2339.0,3314.0,3063.0,3615.0,4536.0,5000.0,5507.0,6400.0,7130.0,7701.0,8027.0,8519.0,9128.0,9419.0,9477.0,9891.0,10576.0,10790.0,11059.0,11546.0,12016.0,12459.0,12738.0,12825.0,13098.0,13391.0,13556.0,13754.0,14265.0,14753.0,14817.0,15058.0,15298.0,15443.0,15555.0,15728.0,15834.0,15834.0,16343.0,17010.0,16831.0,16831.0,16831.0,16995.0,17430.0,17430.0,17530.0,18212.0,18240.0,18346.0,19516.0,19573.0,19573.0,19573.0,19584.0,20041.0,20335.0,21094.0,21177.0,21608.0,22696.0,23110.0,23818.0,24365.0,25185.0,25547.0,26243.0
Italy_nan,-5.0,0.0,0.0,0.0,0.0,0.0,0.0,0.0,0.0,0.0,2.0,2.0,2.0,2.0,2.0,2.0,2.0,5.0,3.0,3.0,3.0,3.0,3.0,3.0,3.0,3.0,3.0,3.0,3.0,3.0,13.0,154.0,242.0,413.0,401.5,541.0,780.0,1082.5,1244.0,1760.5,2311.5,2598.0,3238.0,4097.0,4953.0,6130.0,7861.0,9706.0,10869.0,12552.0,13655.0,17003.0,23767.0,26047.0,28783.0,32463.0,36953.0,42589.0,49253.0,55647.0,61360.0,65517.0,70433.0,76245.0,82345.0,88612.0,94073.0,99035.0,102682.0,106097.0,110955.0,116052.0,120164.0,124528.0,128792.0,131979.0,134619.0,138147.0,142766.0,146717.0,150811.0,155171.0,157880.0,160238.0,163054.0,166608.0,170641.0,173683.0,176395.0,178972.0,181228.0,184282.0,187358.0,189973.0,192994.0,195351.0,197675.0,199414.0,201505.0,203591.0,203591.0,211154.0,213766.0,215294.0,215294.0,221623.0,223085.0,229537.0,229861.0,239522.0,247678.0,257479.0,273480.0,274363.0,274357.0,274357.0,282904.0,293058.0,290025.0,295881.0,319575.0,318696.0,318696.0,331730.0,339525.0,347704.0,379272.0,378805.0,390342.0,405669.0
Japan_nan,0.0,2.0,2.0,2.0,2.0,20.0,6.0,19.0,9.0,28.0,28.0,32.0,20.0,23.0,22.0,22.0,22.0,25.0,25.0,26.0,26.0,26.0,28.0,28.0,41.0,71.0,78.0,74.0,86.0,99.0,110.0,126.0,154.0,171.0,172.0,190.5,223.0,240.0,244.0,258.5,279.0,297.5,335.0,374.0,422.0,483.0,510.0,520.0,570.0,672.0,665.0,679.0,794.0,866.0,856.0,855.0,899.0,917.0,968.0,1011.0,1094.0,1151.0,1169.0,1302.0,1423.0,1472.0,1682.0,1952.0,1916.0,1886.0,2185.0,2585.0,2743.0,3083.0,3372.0,3514.0,4113.0,4331.0,4738.0,5617.0,6376.0,6779.0,7587.0,7851.0,8078.0,8777.0,9941.0,10782.0,10806.0,10816.0,10936.0,11575.0,12418.0,13094.0,13120.0,13281.0,13901.0,14153.0,13736.0,13895.0,14730.0,15476.0,15152.0,15152.0,15173.0,15857.0,15944.0,16306.0,16864.0,16813.0,17071.0,17256.0,17661.0,17661.0,17661.0,17888.0,17888.0,17888.0,17888.0,18201.0,18201.0,18201.0,18201.0,18369.0,18921.0,18921.0,19250.0,20084.0,19954.0,20457.0
Kazakhstan_nan,0.0,0.0,0.0,0.0,0.0,0.0,0.0,0.0,0.0,0.0,0.0,0.0,0.0,0.0,0.0,0.0,0.0,0.0,0.0,0.0,0.0,0.0,0.0,0.0,0.0,0.0,0.0,0.0,0.0,0.0,0.0,0.0,0.0,0.0,0.0,0.0,0.0,0.0,0.0,0.0,0.0,0.0,0.0,0.0,0.0,0.0,0.0,0.0,0.0,0.0,0.0,4.0,8.0,15.0,17.0,34.0,84.0,45.0,57.0,59.0,62.0,66.0,70.0,81.0,107.0,156.0,230.0,303.0,297.0,309.0,367.0,418.0,450.0,491.0,557.0,615.0,662.0,697.0,727.0,781.0,812.0,869.0,1013.0,1158.0,1232.0,1295.0,1418.0,1546.0,1615.0,1676.0,1869.0,1995.0,2135.0,2289.0,2482.0,2601.0,2717.0,2835.0,3027.0,3138.0,3138.0,3397.0,3512.0,3512.0,3625.0,3625.0,3792.0,3992.0,3992.0,4104.0,4104.0,4104.0,4104.0,4161.0,4246.0,4246.0,4246.0,4246.0,4246.0,4246.0,4246.0,4246.0,4246.0,4246.0,4450.0,4450.0,4450.0,4536.0,4536.0,4692.0
"Korea, South_nan",1.0,1.0,2.0,16.0,4.0,15.0,10.0,5.0,6.0,12.0,44.0,21.0,25.0,16.0,21.0,28.0,30.0,24.0,24.0,26.0,28.0,28.0,28.0,28.0,28.0,28.0,29.0,30.0,31.0,93.0,262.0,464.0,696.0,830.0,991.0,1207.0,1761.0,2390.0,3107.0,3726.0,4107.0,4890.0,5488.0,5644.0,6126.0,6598.0,7041.0,7314.0,7478.0,7513.0,7755.0,7869.0,7979.0,8086.0,8162.0,8236.0,8320.0,8413.0,8565.0,8652.0,8799.0,8961.0,8961.0,9037.0,9137.0,9241.0,9332.0,9478.0,9583.0,9661.0,9786.0,9887.0,9976.0,10062.0,10156.0,10237.0,10284.0,10331.0,10384.0,10423.0,10450.0,10480.0,10512.0,10537.0,10564.0,10591.0,10613.0,10635.0,10653.0,10661.0,10674.0,10683.0,10694.0,10708.0,10718.0,10728.0,10738.0,10752.0,10761.0,10765.0,10765.0,10765.0,10765.0,10765.0,11102.0,11262.0,11262.0,11262.0,11922.0,11922.0,12391.0,12754.0,12754.0,13650.0,13650.0,14648.0,14648.0,15683.0,15683.0,16790.0,16889.0,16889.0,17419.0,17419.0,18478.0,18478.0,18478.0,18919.0,19176.0,19176.0
Kuwait_nan,0.0,0.0,0.0,0.0,0.0,0.0,0.0,0.0,0.0,0.0,0.0,0.0,0.0,0.0,0.0,0.0,0.0,0.0,0.0,0.0,0.0,0.0,0.0,0.0,0.0,0.0,0.0,0.0,0.0,0.0,0.0,0.0,0.0,0.0,9.0,160.5,65.0,144.0,48.0,45.0,56.0,94.0,57.0,56.0,58.0,59.0,64.0,64.0,65.0,73.0,78.0,82.0,98.0,126.0,123.0,131.0,142.0,153.0,159.0,179.0,194.0,191.0,189.0,192.0,206.0,228.0,239.0,250.0,268.0,285.0,320.0,349.0,415.0,509.0,571.0,681.0,785.0,871.0,954.0,1005.0,1176.0,1315.0,1317.0,1360.0,1419.0,1526.0,1700.0,1794.0,1904.0,2037.0,2072.0,2237.0,2455.0,2636.0,2930.0,3155.0,3289.0,3475.0,3744.0,4133.0,4153.0,4043.0,4350.0,4912.0,4844.0,5020.0,5356.0,5249.0,5550.0,5939.0,5793.0,6314.0,6532.0,6383.0,6676.0,7096.0,6881.0,6882.0,7211.0,7609.0,7492.0,7492.0,7492.0,7492.0,7492.0,7633.0,7975.0,8006.0,8006.0,8006.0
Lithuania_nan,0.0,0.0,0.0,0.0,0.0,0.0,0.0,0.0,0.0,0.0,0.0,0.0,0.0,0.0,0.0,0.0,0.0,0.0,0.0,0.0,0.0,0.0,0.0,0.0,0.0,0.0,0.0,0.0,0.0,0.0,0.0,0.0,0.0,0.0,0.0,0.0,0.0,1.0,1.0,1.0,1.0,1.0,1.0,1.0,1.0,1.0,1.0,1.0,1.0,3.0,36.0,10.0,35.0,23.0,35.0,42.0,50.0,40.0,61.0,92.0,164.0,211.0,211.0,263.0,314.0,338.0,391.0,436.0,476.0,494.0,543.0,603.0,657.0,706.0,771.0,811.0,843.0,880.0,912.0,955.0,999.0,1026.0,1053.0,1062.0,1070.0,1091.0,1128.0,1149.0,1239.0,1298.0,1326.0,1350.0,1370.0,1398.0,1410.0,1426.0,1438.0,1449.0,1344.0,1375.0,1388.0,1388.0,1388.0,1388.0,1388.0,1438.0,1438.0,1463.0,1482.0,1482.0,1482.0,1505.0,1505.0,1599.0,1599.0,1599.0,1599.0,1599.0,1652.0,1721.0,1721.0,1721.0,1774.0,1774.0,1774.0,1827.0,1827.0,1827.0,1827.0,1931.0
Luxembourg_nan,0.0,0.0,0.0,0.0,0.0,0.0,0.0,0.0,0.0,0.0,0.0,0.0,0.0,0.0,0.0,0.0,0.0,0.0,0.0,0.0,0.0,0.0,0.0,0.0,0.0,0.0,0.0,0.0,0.0,0.0,0.0,0.0,0.0,0.0,0.0,0.0,0.0,0.0,1.0,1.0,1.0,1.0,1.0,1.0,2.0,18.0,5.0,15.0,6.0,21.0,29.0,80.0,83.0,91.0,86.0,154.0,245.0,354.0,520.0,684.0,810.0,842.0,1022.0,1335.0,1437.0,1477.0,1711.0,1867.0,1950.0,1988.0,2182.0,2319.0,2487.0,2612.0,2729.0,2804.0,2843.0,2970.0,3034.0,3115.0,3223.0,3270.0,3281.0,3292.0,3307.0,3373.0,3444.0,3480.0,3537.0,3550.0,3558.0,3618.0,3654.0,3665.0,3695.0,3711.0,3723.0,3729.0,3741.0,3769.0,3769.0,3939.0,3939.0,4020.0,4100.0,4100.0,4100.0,4100.0,4100.0,4126.0,4319.0,4319.0,4319.0,4382.0,4382.0,4575.0,4575.0,4722.0,4722.0,4722.0,4722.0,4722.0,4744.0,4744.0,4878.0,5022.0,5102.0,5102.0,5102.0,5102.0
Malaysia_nan,-2.0,0.0,0.0,0.0,4.0,7.0,4.0,7.0,21.0,11.0,9.0,8.0,8.0,8.0,16.0,15.0,12.0,14.0,22.0,18.0,21.0,18.0,18.0,19.0,19.0,25.0,22.0,22.0,22.0,22.0,22.0,22.0,22.0,22.0,22.0,22.0,22.5,23.0,24.0,27.5,29.0,33.0,51.5,60.0,74.0,120.0,101.0,114.0,139.0,153.0,159.0,188.0,261.0,428.0,662.0,720.0,806.0,942.0,1078.0,1242.0,1383.0,1551.0,1716.0,1812.0,2078.0,2264.0,2337.0,2507.0,2671.0,2801.0,2935.0,3132.0,3376.0,3526.0,3648.0,3808.0,3951.0,4130.0,4235.0,4310.0,4491.0,4686.0,4785.0,4931.0,5048.0,5100.0,5192.0,5251.0,5305.0,5389.0,5425.0,5482.0,5532.0,5603.0,5691.0,5742.0,5780.0,5820.0,5851.0,5945.0,5965.0,6039.0,6236.0,6236.0,6238.0,6274.0,6441.0,6484.0,6484.0,6484.0,6484.0,6484.0,6484.0,6484.0,6484.0,6498.0,6711.0,6711.0,6711.0,6711.0,6724.0,7138.0,7222.0,7222.0,7222.0,7222.0,7222.0,7339.0,7339.0,7339.0
Mexico_nan,0.0,0.0,0.0,0.0,0.0,0.0,0.0,0.0,0.0,0.0,0.0,0.0,0.0,0.0,0.0,0.0,0.0,0.0,0.0,0.0,0.0,0.0,0.0,0.0,0.0,0.0,0.0,0.0,0.0,0.0,0.0,0.0,0.0,0.0,0.0,0.0,0.0,1.0,4.0,46.0,8.0,12.0,5.0,5.0,6.0,12.0,7.0,10.0,7.0,7.0,14.0,34.0,67.0,73.0,91.0,114.0,119.0,172.0,221.0,251.0,312.0,368.0,388.0,444.0,567.0,706.0,825.0,946.0,1042.0,1126.0,1292.0,1440.0,1570.0,1771.0,2007.0,2288.0,2615.0,2988.0,3237.0,3514.0,3948.0,4334.0,4665.0,5014.0,5399.0,5847.0,6308.0,6916.0,7603.0,8261.0,8772.0,9672.0,10838.0,11896.0,12872.0,13842.0,14677.0,15529.0,16752.0,17799.0,17972.0,19522.0,21079.0,21079.0,23026.0,24235.0,24235.0,24643.0,24643.0,26045.0,26045.0,27316.0,27316.0,28344.0,28565.0,28565.0,28565.0,29920.0,29920.0,31896.0,31896.0,33260.0,33260.0,33260.0,34684.0,34684.0,36129.0,36129.0,38547.0,38547.0
Moldova_nan,0.0,0.0,0.0,0.0,0.0,0.0,0.0,0.0,0.0,0.0,0.0,0.0,0.0,0.0,0.0,0.0,0.0,0.0,0.0,0.0,0.0,0.0,0.0,0.0,0.0,0.0,0.0,0.0,0.0,0.0,0.0,0.0,0.0,0.0,0.0,0.0,0.0,0.0,0.0,0.0,0.0,0.0,0.0,0.0,0.0,0.0,1.0,1.0,3.0,31.0,7.0,9.0,28.0,43.0,63.0,42.0,41.0,49.0,89.0,92.0,97.0,108.0,124.0,146.0,177.0,197.0,219.0,254.0,285.0,334.0,410.0,489.0,568.0,713.0,856.0,909.0,983.0,1095.0,1217.0,1345.0,1468.0,1560.0,1662.0,1735.0,1945.0,2049.0,2154.0,2264.0,2378.0,2472.0,2548.0,2614.0,2778.0,2926.0,3110.0,3304.0,3408.0,3481.0,3638.0,3771.0,4013.0,4013.0,4195.0,4225.0,4555.0,4692.0,4881.0,5036.0,5036.0,5234.0,5234.0,5650.0,5650.0,5650.0,5718.0,5999.0,5999.0,5999.0,6248.0,6248.0,6248.0,6388.0,6388.0,6750.0,6987.0,6987.0,7274.0,7608.0,8042.0,8042.0
Morocco_nan,0.0,0.0,0.0,0.0,0.0,0.0,0.0,0.0,0.0,0.0,0.0,0.0,0.0,0.0,0.0,0.0,0.0,0.0,0.0,0.0,0.0,0.0,0.0,0.0,0.0,0.0,0.0,0.0,0.0,0.0,0.0,0.0,0.0,0.0,0.0,0.0,0.0,0.0,0.0,0.0,1.0,1.0,1.0,2.0,18.0,4.0,4.0,2.0,3.0,14.0,20.0,14.0,22.0,59.0,54.0,46.0,61.0,73.0,87.0,103.0,119.0,142.0,173.0,220.0,282.0,337.0,398.0,457.0,539.0,593.0,617.0,654.0,739.0,869.0,978.0,1038.0,1120.0,1184.0,1275.0,1374.0,1448.0,1545.0,1661.0,1763.0,1888.0,2082.0,2397.0,2564.0,2685.0,2855.0,3046.0,3209.0,3446.0,3568.0,3758.0,3897.0,4065.0,4120.0,4252.0,4321.0,4321.0,4677.0,4829.0,4957.0,5194.0,5415.0,5415.0,5415.0,5909.0,5909.0,5909.0,6218.0,6218.0,6497.0,6752.0,6752.0,6752.0,6891.0,7210.0,7210.0,7210.0,7210.0,7556.0,7556.0,8029.0,8029.0,8508.0,8508.0,8617.0,8617.0
Netherlands_nan,0.0,0.0,0.0,0.0,0.0,0.0,0.0,0.0,0.0,0.0,0.0,0.0,0.0,0.0,0.0,0.0,0.0,0.0,0.0,0.0,0.0,0.0,0.0,0.0,0.0,0.0,0.0,0.0,0.0,0.0,0.0,0.0,0.0,0.0,0.0,0.0,1.0,1.0,5.0,79.0,45.0,70.0,47.0,94.0,201.0,268.0,292.0,345.0,378.0,491.0,530.0,716.0,1041.0,1089.0,1323.0,1673.0,1979.0,2361.0,2886.0,3503.0,4058.0,4489.0,5204.0,6145.0,7055.0,8157.0,9257.0,10190.0,10942.0,11750.0,12595.0,13622.0,14697.0,15723.0,16627.0,17851.0,18803.0,19580.0,20549.0,21762.0,23097.0,24413.0,25587.0,26551.0,27419.0,28153.0,29214.0,30449.0,31589.0,32655.0,33405.0,34134.0,34842.0,35729.0,36535.0,37190.0,37845.0,38245.0,38416.0,38802.0,40908.0,40908.0,40908.0,40908.0,40908.0,43365.0,43365.0,43365.0,43365.0,43365.0,43365.0,45057.0,45835.0,45835.0,45835.0,45835.0,48442.0,48442.0,49469.0,51458.0,51458.0,51458.0,51458.0,51458.0,51458.0,51458.0,51458.0,51458.0,51458.0,53031.0
New Zealand_nan,0.0,0.0,0.0,0.0,0.0,0.0,0.0,0.0,0.0,0.0,0.0,0.0,0.0,0.0,0.0,0.0,0.0,0.0,0.0,0.0,0.0,0.0,0.0,0.0,0.0,0.0,0.0,0.0,0.0,0.0,0.0,0.0,0.0,0.0,0.0,0.0,0.0,1.0,1.0,1.0,1.0,1.0,3.0,35.0,7.0,17.0,12.0,8.0,7.0,7.0,5.0,5.0,5.0,11.0,14.0,12.0,29.0,43.0,51.0,64.0,109.0,142.0,142.0,227.0,291.0,379.0,454.0,505.0,557.0,624.0,668.0,749.0,828.0,882.0,962.0,1039.0,1106.0,1160.0,1210.0,1239.0,1283.0,1312.0,1330.0,1349.0,1366.0,1386.0,1401.0,1409.0,1422.0,1431.0,1440.0,1445.0,1451.0,1456.0,1461.0,1470.0,1469.0,1472.0,1474.0,1476.0,1476.0,1476.0,1491.0,1491.0,1552.0,1552.0,1552.0,1560.0,1626.0,1626.0,1626.0,1626.0,1626.0,1626.0,1713.0,1713.0,1749.0,1749.0,1749.0,1749.0,1812.0,1812.0,1812.0,1862.0,1915.0,1915.0,1915.0,1915.0,2017.0,2017.0
Nigeria_nan,0.0,0.0,0.0,0.0,0.0,0.0,0.0,0.0,0.0,0.0,0.0,0.0,0.0,0.0,0.0,0.0,0.0,0.0,0.0,0.0,0.0,0.0,0.0,0.0,0.0,0.0,0.0,0.0,0.0,0.0,0.0,0.0,0.0,0.0,0.0,0.0,0.0,1.0,1.0,1.0,1.0,1.0,1.0,1.0,1.0,1.0,1.0,2.0,18.0,4.0,4.0,2.0,2.0,2.0,2.0,3.0,16.0,40.0,17.0,37.0,52.0,56.0,62.0,57.0,68.0,80.0,86.0,116.0,134.0,133.0,157.0,193.0,193.0,210.0,214.0,232.0,238.0,256.0,276.0,288.0,305.0,318.0,323.0,343.0,377.0,407.0,450.0,503.0,577.0,632.0,665.0,768.0,1000.0,1020.0,1095.0,1182.0,1273.0,1396.0,1656.0,1728.0,1728.0,1733.0,1880.0,2025.0,2035.0,2208.0,2208.0,2221.0,2221.0,2346.0,2352.0,2352.0,2413.0,2462.0,2601.0,2601.0,2601.0,2601.0,2601.0,2695.0,2695.0,2809.0,2809.0,2809.0,2859.0,2859.0,2859.0,2859.0,3002.0,3002.0
North Macedonia_nan,0.0,0.0,0.0,0.0,0.0,0.0,0.0,0.0,0.0,0.0,0.0,0.0,0.0,0.0,0.0,0.0,0.0,0.0,0.0,0.0,0.0,0.0,0.0,0.0,0.0,0.0,0.0,0.0,0.0,0.0,0.0,0.0,0.0,0.0,0.0,0.5,1.0,1.0,1.0,1.0,1.0,1.0,1.0,1.0,1.0,33.0,6.0,6.0,6.0,31.0,10.0,16.0,33.0,15.0,18.0,33.0,45.0,58.0,80.0,100.0,126.0,157.0,161.0,180.0,219.0,232.0,247.0,269.0,290.0,336.0,374.0,387.0,434.0,499.0,570.0,599.0,590.0,621.0,665.0,728.0,773.0,832.0,869.0,895.0,979.0,1094.0,1153.0,1155.0,1207.0,1225.0,1225.0,1242.0,1295.0,1320.0,1343.0,1370.0,1386.0,1399.0,1421.0,1469.0,1529.0,1590.0,1615.0,1615.0,1617.0,1617.0,1683.0,1752.0,1726.0,1767.0,1767.0,1767.0,1767.0,1767.0,1767.0,1768.0,1823.0,1823.0,1823.0,1823.0,1823.0,1823.0,1873.0,1971.0,1984.0,1984.0,2027.0,2146.0,2207.0,2188.0
Norway_nan,0.0,0.0,0.0,0.0,0.0,0.0,0.0,0.0,0.0,0.0,0.0,0.0,0.0,0.0,0.0,0.0,0.0,0.0,0.0,0.0,0.0,0.0,0.0,0.0,0.0,0.0,0.0,0.0,0.0,0.0,0.0,0.0,0.0,0.0,0.0,0.5,1.0,2.0,80.0,68.0,62.0,41.0,59.0,134.0,172.0,162.0,200.0,221.0,398.0,710.0,798.0,993.0,1240.0,1244.0,1385.0,1539.0,1624.0,1774.0,2009.0,2165.0,2433.0,2708.0,2920.0,3144.0,3423.0,3836.0,4161.0,4331.0,4505.0,4653.0,4900.0,5199.0,5439.0,5553.0,5659.0,5815.0,6066.0,6106.0,6086.0,6253.0,6342.0,6420.0,6525.0,6603.0,6623.0,6795.0,6896.0,6937.0,7036.0,7078.0,7156.0,7191.0,7338.0,7401.0,7463.0,7499.0,7527.0,7599.0,7660.0,7710.0,7744.0,7979.0,7979.0,7997.0,8258.0,8294.0,8551.0,8551.0,8551.0,8551.0,8641.0,8641.0,8641.0,8788.0,8788.0,8823.0,9098.0,9288.0,9288.0,9588.0,9588.0,9946.0,10454.0,10262.0,10262.0,10616.0,11458.0,11382.0,11383.0,11383.0
Oman_nan,0.0,0.0,0.0,0.0,0.0,0.0,0.0,0.0,0.0,0.0,0.0,0.0,0.0,0.0,0.0,0.0,0.0,0.0,0.0,0.0,0.0,0.0,0.0,0.0,0.0,0.0,0.0,0.0,0.0,0.0,0.0,0.0,0.0,0.0,2.0,3.0,15.0,4.0,4.0,10.0,6.0,9.0,31.0,19.0,16.0,16.0,16.0,16.0,16.0,18.0,18.0,18.0,19.0,19.0,22.0,22.0,35.0,61.0,52.0,48.0,54.0,64.0,88.0,108.0,112.0,128.0,160.0,174.0,181.0,193.0,211.0,235.0,256.0,279.0,301.0,330.0,377.0,428.0,469.0,489.0,541.0,620.0,732.0,863.0,925.0,1034.0,1106.0,1176.0,1307.0,1433.0,1555.0,1629.0,1730.0,1809.0,1905.0,2024.0,2063.0,2106.0,2268.0,2445.0,2589.0,2729.0,2724.0,2906.0,3219.0,3354.0,3608.0,3568.0,3686.0,4139.0,4214.0,4384.0,4651.0,4513.0,4657.0,4927.0,5066.0,5313.0,5317.0,5520.0,5673.0,5780.0,5775.0,5860.0,5860.0,5860.0,6042.0,6476.0,6613.0,6721.0
Pakistan_nan,0.0,0.0,0.0,0.0,0.0,0.0,0.0,0.0,0.0,0.0,0.0,0.0,0.0,0.0,0.0,0.0,0.0,0.0,0.0,0.0,0.0,0.0,0.0,0.0,0.0,0.0,0.0,0.0,0.0,0.0,0.0,0.0,0.0,0.0,0.0,1.0,2.0,2.0,2.0,18.0,4.0,4.0,7.0,5.0,5.0,8.0,6.0,6.0,13.0,48.0,26.0,30.0,40.0,53.0,153.0,308.0,364.0,470.0,591.0,729.0,912.0,889.0,1008.0,1119.0,1239.0,1428.0,1571.0,1619.0,1733.0,1965.0,2207.0,2457.0,2785.0,2896.0,3127.0,3862.0,4318.0,4281.0,4498.0,4765.0,5057.0,5354.0,5531.0,5845.0,6416.0,7049.0,7152.0,7447.0,8502.0,8696.0,9276.0,10545.0,11145.0,12182.0,12874.0,13436.0,13966.0,14712.0,15634.0,16274.0,16829.0,17414.0,18458.0,19903.0,20832.0,21526.0,22242.0,23548.0,23488.0,24204.0,24022.0,24022.0,25104.0,26198.0,25653.0,26522.0,26970.0,26970.0,26970.0,27127.0,27669.0,27669.0,27669.0,27669.0,27669.0,27669.0,27669.0,27669.0,27669.0,27669.0
Panama_nan,0.0,0.0,0.0,0.0,0.0,0.0,0.0,0.0,0.0,0.0,0.0,0.0,0.0,0.0,0.0,0.0,0.0,0.0,0.0,0.0,0.0,0.0,0.0,0.0,0.0,0.0,0.0,0.0,0.0,0.0,0.0,0.0,0.0,0.0,0.0,0.0,0.0,0.0,0.0,0.0,0.0,0.0,0.0,0.0,0.0,0.0,0.0,0.0,1.0,8.0,108.0,30.0,113.0,53.0,59.0,74.0,124.0,116.0,145.0,200.0,324.0,379.0,345.0,389.0,571.0,676.0,759.0,857.0,933.0,1094.0,1181.0,1181.0,1389.0,1587.0,1693.0,1810.0,1988.0,2100.0,2318.0,2597.0,2752.0,2974.0,3234.0,3400.0,3472.0,3574.0,3751.0,4016.0,4210.0,4273.0,4467.0,4658.0,4821.0,5166.0,5338.0,5538.0,5779.0,6021.0,6021.0,6378.0,6678.0,6858.0,7312.0,7425.0,7834.0,8090.0,8561.0,8561.0,9371.0,9371.0,9543.0,10285.0,10285.0,10285.0,11177.0,11177.0,11805.0,11805.0,11805.0,11894.0,11894.0,12279.0,12279.0,12279.0,12279.0,12838.0,12838.0,12838.0,13210.0,13210.0
Peru_nan,0.0,0.0,0.0,0.0,0.0,0.0,0.0,0.0,0.0,0.0,0.0,0.0,0.0,0.0,0.0,0.0,0.0,0.0,0.0,0.0,0.0,0.0,0.0,0.0,0.0,0.0,0.0,0.0,0.0,0.0,0.0,0.0,0.0,0.0,0.0,0.0,0.0,0.0,0.0,0.0,0.0,0.0,0.0,0.0,1.0,1.0,5.0,76.0,24.0,39.0,15.0,35.0,70.0,71.0,86.0,152.0,157.0,232.0,276.0,281.0,379.0,387.0,395.0,445.0,563.0,623.0,635.0,768.0,951.0,989.0,1224.0,1401.0,1442.0,1635.0,2122.0,2574.0,2736.0,4033.0,5449.0,5614.0,6252.0,7201.0,9084.0,10459.0,10370.0,11579.0,12585.0,13489.0,14420.0,15628.0,16325.0,17837.0,19250.0,20914.0,22597.0,26317.0,27517.0,28699.0,31328.0,33931.0,35199.0,37931.0,37931.0,39765.0,44026.0,44026.0,44026.0,44395.0,44480.0,44480.0,46067.0,46784.0,48064.0,48500.0,50607.0,50607.0,50607.0,51798.0,53392.0,55279.0,55279.0,57030.0,57030.0,57030.0,57030.0,57335.0,61049.0,61049.0,61538.0,61538.0
Philippines_nan,-1.0,0.0,0.0,0.0,0.0,0.0,0.0,0.0,1.0,1.0,1.0,1.0,17.0,3.0,4.0,2.0,3.0,12.0,5.0,4.0,3.0,3.0,3.0,3.0,3.0,3.0,3.0,3.0,3.0,3.0,3.0,4.0,3.0,3.0,3.0,3.0,3.0,3.5,3.5,3.5,3.0,3.0,4.0,3.0,5.0,18.0,16.0,36.0,60.0,77.0,81.0,75.0,124.0,187.0,167.0,183.0,235.0,227.0,239.0,313.0,424.0,492.0,580.0,669.0,738.0,828.0,1105.0,1542.0,1704.0,2043.0,2568.0,2689.0,3113.0,3310.0,3245.0,3696.0,4025.0,3862.0,4054.0,4275.0,4403.0,4689.0,4955.0,5237.0,5477.0,5647.0,5857.0,6093.0,6258.0,6426.0,6582.0,6648.0,6880.0,7194.0,7244.0,7423.0,7758.0,7877.0,8095.0,8599.0,9145.0,9139.0,9118.0,9138.0,9668.0,9941.0,9971.0,10267.0,10263.0,10641.0,11021.0,10902.0,10902.0,10922.0,11141.0,11141.0,11141.0,11141.0,11141.0,11303.0,11427.0,11427.0,11494.0,11494.0,11494.0,11494.0,11740.0,11740.0,11740.0,11740.0
Poland_nan,0.0,0.0,0.0,0.0,0.0,0.0,0.0,0.0,0.0,0.0,0.0,0.0,0.0,0.0,0.0,0.0,0.0,0.0,0.0,0.0,0.0,0.0,0.0,0.0,0.0,0.0,0.0,0.0,0.0,0.0,0.0,0.0,0.0,0.0,0.0,0.0,0.0,0.0,0.0,0.0,0.0,0.0,1.0,1.0,4.0,60.0,18.0,54.0,33.0,42.0,72.0,106.0,116.0,145.0,173.0,258.0,267.0,322.0,448.0,522.0,624.0,722.0,863.0,1019.0,1168.0,1323.0,1545.0,1789.0,1938.0,2142.0,2405.0,2745.0,3212.0,3438.0,3720.0,4153.0,4455.0,4848.0,5205.0,5575.0,5955.0,6356.0,6674.0,6934.0,7202.0,7582.0,7918.0,8379.0,8742.0,9287.0,9593.0,9856.0,10169.0,10511.0,10892.0,11273.0,11617.0,11902.0,12218.0,12640.0,12640.0,12640.0,12640.0,12640.0,12640.0,12640.0,13241.0,13241.0,13284.0,13284.0,13284.0,13284.0,13707.0,13707.0,13995.0,13995.0,13995.0,13995.0,13995.0,13995.0,14449.0,14449.0,14612.0,14612.0,14612.0,15237.0,15237.0,15237.0,15535.0,15535.0
Portugal_nan,0.0,0.0,0.0,0.0,0.0,0.0,0.0,0.0,0.0,0.0,0.0,0.0,0.0,0.0,0.0,0.0,0.0,0.0,0.0,0.0,0.0,0.0,0.0,0.0,0.0,0.0,0.0,0.0,0.0,0.0,0.0,0.0,0.0,0.0,0.0,0.0,0.0,0.0,0.0,0.0,2.0,3.0,4.0,29.0,27.0,40.0,44.0,44.0,45.0,76.0,76.0,103.0,200.0,262.0,343.0,452.0,467.0,695.0,1127.0,1268.0,1533.0,2003.0,2348.0,2805.0,3510.0,4085.0,4959.0,5774.0,6066.0,6793.0,7941.0,8471.0,9149.0,9886.0,10524.0,11278.0,11730.0,12442.0,13141.0,14045.0,15472.0,15987.0,16585.0,16934.0,17448.0,18091.0,18841.0,19022.0,19685.0,20206.0,20863.0,21379.0,21982.0,22353.0,22797.0,23392.0,23864.0,24027.0,24322.0,24505.0,25706.0,25706.0,26067.0,26067.0,27564.0,27564.0,27995.0,28200.0,29678.0,29678.0,29678.0,29678.0,30233.0,30233.0,30233.0,30233.0,30233.0,31831.0,31831.0,31831.0,31831.0,31831.0,32637.0,33719.0,34209.0,34209.0,35207.0,36358.0,37340.0,37340.0
Qatar_nan,0.0,0.0,0.0,0.0,0.0,0.0,0.0,0.0,0.0,0.0,0.0,0.0,0.0,0.0,0.0,0.0,0.0,0.0,0.0,0.0,0.0,0.0,0.0,0.0,0.0,0.0,0.0,0.0,0.0,0.0,0.0,0.0,0.0,0.0,0.0,0.0,0.0,0.0,1.0,3.0,31.0,6.0,39.0,13.0,10.0,8.0,17.0,36.0,30.0,248.0,552.0,299.0,352.0,400.0,452.0,439.0,439.0,452.0,460.0,470.0,481.0,494.0,501.0,526.0,537.0,549.0,562.0,590.0,634.0,715.0,781.0,854.0,1005.0,1238.0,1552.0,1759.0,1913.0,2058.0,2210.0,2376.0,2514.0,2773.0,2996.0,3231.0,3428.0,3764.0,4325.0,4704.0,5008.0,5508.0,6072.0,6564.0,7164.0,7849.0,8641.0,9501.0,10384.0,11244.0,11921.0,12564.0,13834.0,13834.0,15595.0,16683.0,16683.0,18279.0,18279.0,18557.0,19952.0,19952.0,21082.0,22406.0,22754.0,23699.0,25470.0,25470.0,27410.0,27410.0,27970.0,27970.0,29484.0,30373.0,31743.0,31743.0,31833.0,33288.0,33288.0,33427.0,33792.0,33792.0
Romania_nan,0.0,0.0,0.0,0.0,0.0,0.0,0.0,0.0,0.0,0.0,0.0,0.0,0.0,0.0,0.0,0.0,0.0,0.0,0.0,0.0,0.0,0.0,0.0,0.0,0.0,0.0,0.0,0.0,0.0,0.0,0.0,0.0,0.0,0.0,0.0,0.5,1.0,1.0,29.0,3.0,3.0,3.0,3.0,11.0,17.0,22.0,15.0,30.0,26.0,62.0,77.0,90.0,158.0,158.0,158.0,202.0,272.0,324.0,310.0,372.0,462.0,597.0,849.0,1007.0,1043.0,1310.0,1586.0,1851.0,2268.0,2370.0,2458.0,2818.0,3301.0,3795.0,4025.0,4084.0,4421.0,4909.0,5314.0,5619.0,5987.0,6458.0,6662.0,6924.0,7227.0,7751.0,8192.0,8429.0,8723.0,8935.0,9147.0,9686.0,10166.0,10376.0,10543.0,10884.0,11317.0,11534.0,11848.0,11978.0,11978.0,11978.0,12441.0,12902.0,12722.0,12722.0,13177.0,13730.0,13545.0,13943.0,13943.0,14253.0,14681.0,15234.0,15135.0,15683.0,15824.0,15824.0,15824.0,15824.0,15824.0,15824.0,15824.0,15824.0,15824.0,15992.0,15992.0,15992.0,16001.0,16073.0
Russia_nan,-5.0,0.0,0.0,0.0,0.0,0.0,0.0,0.0,0.0,0.0,2.0,2.0,2.0,2.0,2.0,2.0,2.0,2.0,2.0,2.0,2.0,2.0,2.0,2.0,2.0,2.0,2.0,2.0,2.0,2.0,2.0,2.0,2.0,2.0,2.0,2.0,2.0,2.0,2.0,2.0,2.5,7.5,3.0,3.0,14.0,54.0,19.0,27.0,17.0,22.0,24.0,52.0,72.0,71.0,85.0,130.0,158.0,213.0,278.0,327.0,384.0,461.0,525.0,667.0,913.0,1106.0,1322.0,1608.0,1932.0,2429.0,2991.0,3668.0,4462.0,4929.0,5556.0,6575.0,7885.0,9118.0,10502.0,12382.0,14232.0,16247.0,19078.0,22025.0,25369.0,29127.0,33102.0,38108.0,44442.0,49474.0,53738.0,59929.0,64659.0,69977.0,76653.0,82863.0,88894.0,95117.0,100971.0,103805.0,113927.0,121073.0,120305.0,125878.0,125513.0,137961.0,143948.0,138961.0,138961.0,140999.0,142947.0,142947.0,142947.0,142947.0,142947.0,142947.0,144992.0,149218.0,149218.0,149218.0,149218.0,149595.0,149595.0,150365.0,150365.0,150712.0,158823.0,160493.0,160493.0,160493.0
Saudi Arabia_nan,0.0,0.0,0.0,0.0,0.0,0.0,0.0,0.0,0.0,0.0,0.0,0.0,0.0,0.0,0.0,0.0,0.0,0.0,0.0,0.0,0.0,0.0,0.0,0.0,0.0,0.0,0.0,0.0,0.0,0.0,0.0,0.0,0.0,0.0,0.0,0.0,0.0,0.0,0.0,0.0,1.0,1.0,1.0,4.0,69.0,12.0,18.0,36.0,36.0,41.0,53.0,114.0,140.0,115.0,107.0,170.0,197.0,247.0,377.0,388.0,471.0,572.0,712.0,920.0,973.0,1025.0,1119.0,1218.0,1352.0,1484.0,1579.0,1745.0,1886.0,2039.0,2190.0,2424.0,2605.0,2795.0,2966.0,3423.0,3747.0,4108.0,4556.0,4965.0,5381.0,5893.0,6585.0,7723.0,8869.0,9762.0,10771.0,11841.0,12891.0,13971.0,15102.0,16299.0,17522.0,18811.0,20077.0,21402.0,23001.0,23001.0,23001.0,24437.0,24437.0,24766.0,27081.0,27081.0,29137.0,29137.0,30062.0,30936.0,32596.0,32596.0,33729.0,33729.0,33729.0,33729.0,35219.0,35219.0,35219.0,35219.0,35219.0,36138.0,36138.0,36138.0,36138.0,36138.0,36138.0,36138.0
Serbia_nan,0.0,0.0,0.0,0.0,0.0,0.0,0.0,0.0,0.0,0.0,0.0,0.0,0.0,0.0,0.0,0.0,0.0,0.0,0.0,0.0,0.0,0.0,0.0,0.0,0.0,0.0,0.0,0.0,0.0,0.0,0.0,0.0,0.0,0.0,0.0,0.0,0.0,0.0,0.0,0.0,0.0,0.0,0.0,0.0,1.0,1.0,1.0,1.0,5.0,75.0,62.0,79.0,89.0,79.0,75.0,92.0,91.0,111.0,138.0,175.0,221.0,254.0,285.0,376.0,393.0,401.0,634.0,787.0,741.0,804.0,1017.0,1136.0,1370.0,1615.0,1750.0,2085.0,2329.0,2478.0,2666.0,2870.0,3130.0,3380.0,3715.0,4169.0,4501.0,4873.0,5318.0,5690.0,5994.0,6318.0,6630.0,6630.0,6630.0,6630.0,6630.0,6630.0,6630.0,6630.0,6630.0,6630.0,6746.0,6746.0,6746.0,6746.0,6746.0,7068.0,7073.0,7073.0,7404.0,7404.0,7713.0,8057.0,8057.0,8272.0,8272.0,8381.0,8381.0,8381.0,8381.0,8839.0,8839.0,8839.0,9389.0,9389.0,9782.0,9782.0,9782.0,10372.0,10372.0,10845.0
Singapore_nan,-1.0,0.0,2.0,30.0,3.0,15.0,10.0,15.0,9.0,25.0,24.0,26.0,22.0,24.0,36.0,34.0,30.0,35.0,43.0,50.0,52.0,50.0,59.0,73.0,78.0,77.0,77.0,81.0,85.0,86.0,84.5,85.0,88.0,90.0,90.33333333333333,92.33333333333333,93.0,93.0,99.5,108.5,107.0,109.0,110.0,112.0,129.0,142.0,148.0,152.0,153.0,178.0,187.0,193.0,221.0,228.0,243.0,270.0,317.0,364.0,391.0,441.0,473.0,508.0,580.0,647.0,709.0,744.0,809.0,870.0,888.0,928.0,1011.0,1073.0,1115.0,1196.0,1317.0,1411.0,1475.0,1639.0,1936.0,2217.0,2335.0,2555.0,2971.0,3402.0,3786.0,4541.0,5328.0,6132.0,6936.0,8083.0,9711.0,10527.0,11440.0,12442.0,13032.0,13766.0,14824.0,15221.0,15651.0,16716.0,16948.0,16625.0,16660.0,16992.0,18080.0,19104.0,19012.0,19641.0,20050.0,21952.0,23204.0,24010.0,25579.0,27213.0,27575.0,29632.0,32482.0,31479.0,31458.0,33463.0,35346.0,34130.0,35654.0,39653.0,39199.0,38953.0,39403.0,40363.0,43980.0,43876.0
Slovakia_nan,0.0,0.0,0.0,0.0,0.0,0.0,0.0,0.0,0.0,0.0,0.0,0.0,0.0,0.0,0.0,0.0,0.0,0.0,0.0,0.0,0.0,0.0,0.0,0.0,0.0,0.0,0.0,0.0,0.0,0.0,0.0,0.0,0.0,0.0,0.0,0.0,0.0,0.0,0.0,0.0,0.0,0.0,0.0,0.0,1.0,1.0,3.0,31.0,10.0,41.0,26.0,48.0,84.0,86.0,76.0,83.0,107.0,142.0,138.0,168.0,195.0,185.0,186.0,210.0,216.0,245.0,287.0,292.0,314.0,336.0,370.0,400.0,426.0,450.0,471.0,485.0,543.0,628.0,682.0,701.0,715.0,728.0,742.0,769.0,835.0,863.0,978.0,1049.0,1089.0,1161.0,1173.0,1199.0,1244.0,1325.0,1360.0,1373.0,1379.0,1381.0,1384.0,1391.0,1391.0,1391.0,1423.0,1480.0,1530.0,1552.0,1568.0,1568.0,1675.0,1703.0,1796.0,1796.0,1796.0,1796.0,1829.0,1878.0,1974.0,1974.0,1974.0,2047.0,2047.0,2050.0,2060.0,2060.0,2145.0,2145.0,2186.0,2186.0,2211.0,2341.0
Slovenia_nan,0.0,0.0,0.0,0.0,0.0,0.0,0.0,0.0,0.0,0.0,0.0,0.0,0.0,0.0,0.0,0.0,0.0,0.0,0.0,0.0,0.0,0.0,0.0,0.0,0.0,0.0,0.0,0.0,0.0,0.0,0.0,0.0,0.0,0.0,0.0,0.0,0.0,0.0,0.0,0.0,0.0,0.0,0.0,2.0,7.0,42.0,13.0,50.0,30.0,79.0,110.0,179.0,210.0,232.0,253.0,274.0,275.0,275.0,319.0,381.0,390.0,414.0,442.0,488.0,528.0,578.0,643.0,684.0,730.0,756.0,802.0,841.0,897.0,934.0,977.0,997.0,1021.0,1059.0,1091.0,1124.0,1160.0,1188.0,1205.0,1212.0,1220.0,1248.0,1268.0,1304.0,1317.0,1330.0,1335.0,1344.0,1353.0,1366.0,1373.0,1388.0,1396.0,1402.0,1408.0,1418.0,1418.0,1418.0,1501.0,1501.0,1501.0,1501.0,1501.0,1501.0,1580.0,1634.0,1634.0,1634.0,1634.0,1668.0,1668.0,1765.0,1799.0,1799.0,1800.0,1892.0,1946.0,1946.0,2028.0,2028.0,2149.0,2149.0,2149.0,2280.0,2373.0,2373.0
South Africa_nan,0.0,0.0,0.0,0.0,0.0,0.0,0.0,0.0,0.0,0.0,0.0,0.0,0.0,0.0,0.0,0.0,0.0,0.0,0.0,0.0,0.0,0.0,0.0,0.0,0.0,0.0,0.0,0.0,0.0,0.0,0.0,0.0,0.0,0.0,0.0,0.0,0.0,0.0,0.0,0.0,0.0,0.0,0.0,1.0,1.0,1.0,3.0,35.0,10.0,44.0,37.0,44.0,59.0,83.0,78.0,75.0,108.0,184.0,207.0,248.0,267.0,379.0,579.0,723.0,900.0,1155.0,1179.0,1187.0,1280.0,1326.0,1353.0,1380.0,1462.0,1505.0,1585.0,1655.0,1686.0,1749.0,1845.0,1934.0,2003.0,2028.0,2173.0,2272.0,2415.0,2506.0,2605.0,2783.0,3034.0,3158.0,3300.0,3465.0,3635.0,3953.0,4220.0,4361.0,4546.0,4793.0,4996.0,5350.0,5620.0,5987.0,6260.0,6260.0,6782.0,6782.0,7365.0,7365.0,7452.0,7593.0,7665.0,7927.0,8420.0,8420.0,8886.0,8886.0,9547.0,9547.0,9547.0,10372.0,10372.0,11163.0,11294.0,11905.0,11905.0,11905.0,11905.0,11905.0,11905.0,12477.0
Spain_nan,-2.0,0.0,0.0,0.0,0.0,0.0,0.0,0.0,0.0,0.0,0.0,1.0,1.0,1.0,1.0,1.0,1.0,1.0,1.0,15.0,2.0,4.0,2.0,2.0,2.0,2.0,2.0,2.0,2.0,2.0,2.0,2.0,2.0,2.0,4.0,43.0,45.0,44.5,81.5,104.0,174.0,215.0,256.0,296.0,412.0,579.0,710.0,1121.0,1858.0,2539.0,2520.0,4846.0,8003.0,8074.0,10127.0,12746.0,14573.0,18637.0,22474.0,25823.0,30816.0,36023.0,42478.0,50697.0,61755.0,68579.0,75591.0,82688.0,90411.0,98987.0,107247.0,114750.0,121516.0,127817.0,133316.0,137538.0,142463.0,148730.0,154043.0,157775.0,162289.0,165926.0,168546.0,170779.0,175152.0,183590.0,190389.0,190839.0,193301.0,199782.0,200369.0,205692.0,210785.0,216621.0,221707.0,223759.0,226629.0,229422.0,232920.0,236899.0,240595.0,246243.0,246243.0,249170.0,249170.0,253597.0,253597.0,253597.0,253597.0,258961.0,264312.0,264312.0,264312.0,264312.0,264312.0,264312.0,264312.0,264312.0,264312.0,264312.0,264312.0,264312.0,271105.0,272891.0,272891.0,272891.0,272891.0,272891.0,272891.0,273265.0
Sweden_nan,-2.0,0.0,0.0,0.0,0.0,0.0,0.0,0.0,0.0,0.0,1.0,1.0,1.0,1.0,1.0,1.0,1.0,1.0,1.0,1.0,1.0,1.0,1.0,1.0,1.0,1.0,1.0,1.0,1.0,1.0,1.0,1.0,1.0,1.0,1.0,1.5,21.5,57.0,24.0,40.0,25.5,29.0,52.0,114.0,169.0,164.0,247.0,276.0,374.0,561.0,677.0,832.0,1063.0,1084.0,1108.0,1235.0,1335.0,1475.0,1708.0,1838.0,1938.0,2093.0,2295.0,2611.0,2912.0,3169.0,3471.0,3828.0,4073.0,4518.0,5074.0,5720.0,6320.0,6602.0,6829.0,7307.0,7806.0,8546.0,9370.0,9851.0,10171.0,10514.0,10934.0,11532.0,12019.0,12542.0,13246.0,13862.0,14353.0,14748.0,15196.0,15973.0,16790.0,17567.0,18177.0,18511.0,18744.0,19360.0,20307.0,20302.0,20302.0,21401.0,21901.0,21720.0,22357.0,23367.0,23025.0,23881.0,24607.0,24440.0,25356.0,26723.0,26159.0,27057.0,28597.0,28002.0,28002.0,28200.0,30184.0,30937.0,30568.0,30568.0,32972.0,33246.0,33277.0,36135.0,36833.0,36448.0,36448.0,36448.0
Switzerland_nan,0.0,0.0,0.0,0.0,0.0,0.0,0.0,0.0,0.0,0.0,0.0,0.0,0.0,0.0,0.0,0.0,0.0,0.0,0.0,0.0,0.0,0.0,0.0,0.0,0.0,0.0,0.0,0.0,0.0,0.0,0.0,0.0,0.0,0.0,0.5,1.0,4.0,103.0,27.0,80.0,52.0,75.0,125.0,183.0,225.0,343.0,362.0,406.0,501.0,710.0,746.0,1073.0,1622.0,2207.0,2619.0,2563.0,3229.0,4190.0,5768.0,7059.0,7920.0,8939.0,10412.0,11335.0,12231.0,13295.0,14533.0,15276.0,16055.0,16968.0,17830.0,19136.0,19860.0,20478.0,21189.0,21595.0,22136.0,23182.0,24153.0,24409.0,24747.0,25162.0,25415.0,25688.0,25940.0,26352.0,26732.0,27078.0,27404.0,27740.0,27944.0,28063.0,28268.0,28496.0,28677.0,28894.0,29061.0,29164.0,29264.0,29414.0,30171.0,30171.0,30171.0,30171.0,30171.0,30171.0,30171.0,30298.0,31251.0,31251.0,31251.0,31251.0,31251.0,31251.0,31869.0,31869.0,31869.0,31869.0,31869.0,31938.0,32870.0,32870.0,32870.0,32870.0,32870.0,32870.0,32870.0,33482.0,33482.0,33482.0
Thailand_nan,0.0,2.0,11.0,16.0,17.0,11.0,11.0,25.0,16.0,19.0,26.0,19.0,19.0,24.0,32.0,25.0,25.0,29.0,39.0,32.0,32.0,33.0,33.0,33.0,33.0,33.0,34.0,35.0,35.0,35.0,35.0,35.0,35.0,35.0,36.0,39.0,40.5,40.5,41.5,42.0,42.5,43.0,43.0,44.0,49.0,48.0,50.0,50.0,50.0,59.0,72.0,81.0,82.0,114.0,167.0,194.0,223.0,285.0,353.0,429.0,631.0,817.0,866.0,962.0,1091.0,1191.0,1287.0,1438.0,1584.0,1695.0,1804.0,1907.0,2001.0,2094.0,2186.0,2245.0,2248.0,2343.0,2448.0,2451.0,2485.0,2523.0,2551.0,2579.0,2613.0,2643.0,2672.0,2700.0,2733.0,2765.0,2792.0,2811.0,2826.0,2839.0,2907.0,2907.0,2922.0,2931.0,2938.0,2947.0,3010.0,3010.0,3015.0,3152.0,3245.0,3313.0,3313.0,3313.0,3313.0,3313.0,3313.0,3373.0,3507.0,3516.0,3576.0,3576.0,3576.0,3576.0,3656.0,3672.0,3702.0,3825.0,3825.0,3825.0,3825.0,3825.0,3825.0,3825.0,3825.0,3825.0
Turkey_nan,0.0,0.0,0.0,0.0,0.0,0.0,0.0,0.0,0.0,0.0,0.0,0.0,0.0,0.0,0.0,0.0,0.0,0.0,0.0,0.0,0.0,0.0,0.0,0.0,0.0,0.0,0.0,0.0,0.0,0.0,0.0,0.0,0.0,0.0,0.0,0.0,0.0,0.0,0.0,0.0,0.0,0.0,0.0,0.0,0.0,0.0,0.0,0.0,0.0,1.0,1.0,4.0,60.0,13.0,29.0,82.0,142.0,290.0,494.0,741.0,1349.0,1768.0,1806.0,2333.0,3586.0,5783.0,7701.0,8926.0,10384.0,12835.0,15471.0,17305.0,19897.0,22793.0,25624.0,28426.0,31906.0,35936.0,39596.0,43661.0,48623.0,53029.0,56956.0,61049.0,65111.0,69392.0,74193.0,78546.0,82329.0,86306.0,90980.0,95591.0,98674.0,101790.0,104912.0,107773.0,110130.0,112261.0,114653.0,117589.0,121312.0,129494.0,129494.0,131683.0,132799.0,133303.0,133303.0,133303.0,136287.0,140300.0,140300.0,143252.0,143252.0,147012.0,147701.0,147701.0,147701.0,147701.0,147701.0,147701.0,147701.0,153178.0,153178.0,159912.0,159912.0,167567.0,167567.0,167567.0,167567.0,176913.0
Ukraine_nan,0.0,0.0,0.0,0.0,0.0,0.0,0.0,0.0,0.0,0.0,0.0,0.0,0.0,0.0,0.0,0.0,0.0,0.0,0.0,0.0,0.0,0.0,0.0,0.0,0.0,0.0,0.0,0.0,0.0,0.0,0.0,0.0,0.0,0.0,0.0,0.0,0.0,0.0,0.0,0.0,0.0,1.0,1.0,1.0,1.0,1.0,1.0,1.0,1.0,1.0,1.0,3.0,36.0,7.0,11.0,39.0,43.0,27.0,39.0,67.0,95.0,103.0,90.0,152.0,217.0,315.0,392.0,444.0,554.0,619.0,763.0,891.0,1010.0,1183.0,1245.0,1308.0,1319.0,1585.0,1805.0,2061.0,2368.0,2589.0,2852.0,3153.0,3477.0,3900.0,4343.0,4770.0,5106.0,5449.0,5710.0,6125.0,6599.0,7170.0,7647.0,8125.0,8617.0,9009.0,9410.0,9866.0,10060.0,10419.0,10463.0,10498.0,11182.0,11689.0,11689.0,11689.0,12622.0,12622.0,12622.0,12622.0,13198.0,13198.0,13198.0,13198.0,13198.0,13875.0,13875.0,14495.0,14495.0,14872.0,14872.0,14872.0,14872.0,14872.0,14872.0,14872.0,15582.0,16073.0
United Arab Emirates_nan,-4.0,0.0,0.0,0.0,0.0,0.0,0.0,1.0,4.0,4.0,4.0,4.0,9.0,5.0,5.0,5.0,5.0,5.0,11.0,7.0,11.0,8.0,8.0,8.0,8.0,8.0,9.0,9.0,9.0,9.0,9.0,12.0,20.0,13.0,13.0,13.0,13.0,17.5,28.0,21.0,21.0,25.5,32.0,27.0,29.0,40.0,60.0,45.0,67.0,98.0,80.0,90.0,85.0,94.0,107.0,98.0,107.0,146.0,154.0,144.0,156.0,190.0,270.0,352.0,375.0,380.0,498.0,597.0,660.0,671.0,820.0,1087.0,1348.0,1584.0,1865.0,2175.0,2453.0,2761.0,3106.0,3486.0,3873.0,4251.0,4643.0,5056.0,5490.0,5953.0,6435.0,6478.0,6623.0,7434.0,7920.0,8306.0,8807.0,9340.0,9859.0,10427.0,10911.0,11409.0,11981.0,12288.0,12752.0,13788.0,14839.0,15322.0,15120.0,15622.0,17089.0,17464.0,17056.0,17391.0,17956.0,19155.0,19708.0,19813.0,19813.0,19813.0,20572.0,21376.0,21022.0,21650.0,21650.0,22436.0,23457.0,23453.0,23453.0,23453.0,24025.0,24141.0,25569.0,25880.0
United Kingdom_nan,0.0,0.0,0.0,0.0,0.0,0.0,0.0,0.0,0.0,2.0,3.0,2.0,2.0,2.0,2.0,2.0,3.0,11.0,4.0,8.0,37.0,12.0,15.0,10.0,9.0,9.0,9.0,9.0,9.0,9.0,9.0,9.0,9.0,11.0,21.0,13.0,14.0,22.0,29.0,37.0,54.0,51.0,88.0,136.0,171.0,219.0,273.0,329.0,370.0,445.0,456.0,712.0,1232.0,1193.0,1305.0,1965.0,2582.0,2730.0,3534.0,5205.0,5578.0,6113.0,7693.0,9294.0,11099.0,14070.0,16656.0,18450.0,20754.0,23712.0,27835.0,32330.0,36016.0,39231.0,44146.0,48881.0,51608.0,55567.0,60769.0,67539.0,74387.0,78991.0,84279.0,88621.0,93873.0,98476.0,103093.0,108692.0,114217.0,120067.0,124743.0,129044.0,133495.0,138078.0,143464.0,148377.0,152840.0,157149.0,161145.0,165221.0,176958.0,185421.0,185421.0,185513.0,194531.0,194531.0,205959.0,205959.0,205959.0,205959.0,205959.0,205959.0,205959.0,217486.0,224370.0,228168.0,230758.0,230758.0,230758.0,230758.0,232604.0,235146.0,235146.0,246980.0,251591.0,252446.0,252446.0,255079.0,261704.0,272402.0
Unites States_nan,1.0,1.0,2.0,16.0,6.0,34.0,7.0,7.0,7.0,8.0,16.0,12.0,11.0,18.0,11.0,11.0,11.0,11.0,11.0,11.0,11.0,12.0,12.0,13.0,13.0,13.0,13.0,13.0,13.0,13.0,13.0,17.0,15.0,46.0,105.0,52.0,59.0,58.0,65.0,77.0,96.0,123.0,146.0,212.0,278.0,383.0,546.0,582.0,880.0,1370.0,1650.0,2111.0,2697.0,3389.0,4527.0,6336.0,7851.0,12867.0,20453.0,25400.0,32240.0,42763.0,53242.0,63353.0,80881.0,100193.0,116872.0,134848.0,153607.0,178015.0,203746.0,229488.0,260038.0,290115.0,315030.0,338286.0,367180.0,397121.0,428654.0,462780.0,496535.0,526396.0,555313.0,580619.0,607670.0,636350.0,667592.0,699706.0,732197.0,758809.0,784326.0,811865.0,840351.0,869170.0,905358.0,938154.0,965785.0,988197.0,1012582.0,1039909.0,1079954.0,1079954.0,1079954.0,1148943.0,1163786.0,1163786.0,1163786.0,1235979.0,1245406.0,1245406.0,1245406.0,1245406.0,1268463.0,1268463.0,1299144.0,1357167.0,1357167.0,1357167.0,1362029.0,1362029.0,1362029.0,1362029.0,1362029.0,1362029.0,1383346.0,1383346.0,1383346.0,1383346.0,1383346.0,1383346.0
Uzbekistan_nan,0.0,0.0,0.0,0.0,0.0,0.0,0.0,0.0,0.0,0.0,0.0,0.0,0.0,0.0,0.0,0.0,0.0,0.0,0.0,0.0,0.0,0.0,0.0,0.0,0.0,0.0,0.0,0.0,0.0,0.0,0.0,0.0,0.0,0.0,0.0,0.0,0.0,0.0,0.0,0.0,0.0,0.0,0.0,0.0,0.0,0.0,0.0,0.0,0.0,0.0,0.0,0.0,0.0,1.0,6.0,79.0,24.0,58.0,46.0,54.0,51.0,62.0,52.0,61.0,78.0,92.0,102.0,139.0,161.0,154.0,176.0,191.0,219.0,252.0,329.0,451.0,525.0,520.0,545.0,582.0,718.0,862.0,935.0,1090.0,1236.0,1302.0,1349.0,1405.0,1490.0,1565.0,1627.0,1678.0,1716.0,1758.0,1804.0,1862.0,1869.0,1904.0,1939.0,2002.0,2064.0,2064.0,2064.0,2064.0,2064.0,2064.0,2154.0,2154.0,2271.0,2271.0,2356.0,2356.0,2449.0,2463.0,2589.0,2589.0,2614.0,2693.0,2693.0,2693.0,2693.0,2694.0,2694.0,2694.0,2820.0,2820.0,2838.0,2838.0,2852.0,2976.0
