,date,Afghanistan_nan,Algeria_nan,Argentina_nan,Armenia_nan,Australia_New South Wales,Australia_Queensland,Australia_Victoria,Austria_nan,Azerbaijan_nan,Bahrain_nan,Bangladesh_nan,Belarus_nan,Belgium_nan,Bolivia_nan,Bosnia and Herzegovina_nan,Brazil_nan,Bulgaria_nan,Cameroon_nan,Canada_Alberta,Canada_British Columbia,Canada_Ontario,Canada_Quebec,Chile_nan,China_Guangdong,China_Henan,China_Hong Kong,China_Hubei,China_Hunan,China_Zhejiang,Colombia_nan,Cote d'Ivoire_nan,Croatia_nan,Cuba_nan,Czechia_nan,Denmark_nan,Djibouti_nan,Dominican Republic_nan,Ecuador_nan,Egypt_nan,Estonia_nan,Finland_nan,France_nan,Germany_nan,Ghana_nan,Greece_nan,Guinea_nan,Hungary_nan,Iceland_nan,India_nan,Indonesia_nan,Iran_nan,Iraq_nan,Ireland_nan,Israel_nan,Italy_nan,Japan_nan,Kazakhstan_nan,"Korea, South_nan",Kuwait_nan,Lithuania_nan,Luxembourg_nan,Malaysia_nan,Mexico_nan,Moldova_nan,Morocco_nan,Netherlands_nan,New Zealand_nan,Nigeria_nan,North Macedonia_nan,Norway_nan,Oman_nan,Pakistan_nan,Panama_nan,Peru_nan,Philippines_nan,Poland_nan,Portugal_nan,Qatar_nan,Romania_nan,Russia_nan,Saudi Arabia_nan,Serbia_nan,Singapore_nan,Slovakia_nan,Slovenia_nan,South Africa_nan,Spain_nan,Sweden_nan,Switzerland_nan,Thailand_nan,Turkey_nan,Ukraine_nan,United Arab Emirates_nan,United Kingdom_nan,Unites States_nan,Uzbekistan_nan
0,2020-01-22,0,0,0,0,0,0,0,0,0,0,0,0,0,0,0,0,0,0,0,0,0,0,0,26,5,0,444,4,10,0,0,0,0,0,0,0,0,0,0,0,0,0,0,0,0,0,0,0,0,0,0,0,0,0,0,2,0,1,0,0,0,0,0,0,0,0,0,0,0,0,0,0,0,0,0,0,0,0,0,0,0,0,0,0,0,0,0,0,0,2,0,0,0,0,1,0
1,2020-01-23,0,0,0,0,0,0,0,0,0,0,0,0,0,0,0,0,0,0,0,0,0,0,0,32,5,2,444,9,27,0,0,0,0,0,0,0,0,0,0,0,0,0,0,0,0,0,0,0,0,0,0,0,0,0,0,2,0,1,0,0,0,0,0,0,0,0,0,0,0,0,0,0,0,0,0,0,0,0,0,0,0,0,1,0,0,0,0,0,0,3,0,0,0,0,1,0
2,2020-01-24,0,0,0,0,0,0,0,0,0,0,0,0,0,0,0,0,0,0,0,0,0,0,0,53,9,2,549,24,43,0,0,0,0,0,0,0,0,0,0,0,0,2,0,0,0,0,0,0,0,0,0,0,0,0,0,2,0,2,0,0,0,0,0,0,0,0,0,0,0,0,0,0,0,0,0,0,0,0,0,0,0,0,3,0,0,0,0,0,0,5,0,0,0,0,2,0
3,2020-01-25,0,0,0,0,0,0,0,0,0,0,0,0,0,0,0,0,0,0,0,0,0,0,0,78,32,5,761,43,62,0,0,0,0,0,0,0,0,0,0,0,0,3,0,0,0,0,0,0,0,0,0,0,0,0,0,2,0,2,0,0,0,3,0,0,0,0,0,0,0,0,0,0,0,0,0,0,0,0,0,0,0,0,3,0,0,0,0,0,0,7,0,0,0,0,2,0
4,2020-01-26,0,0,0,0,3,0,1,0,0,0,0,0,0,0,0,0,0,0,0,0,1,0,0,111,83,8,1058,69,104,0,0,0,0,0,0,0,0,0,0,0,0,3,0,0,0,0,0,0,0,0,0,0,0,0,0,4,0,3,0,0,0,4,0,0,0,0,0,0,0,0,0,0,0,0,0,0,0,0,0,0,0,0,4,0,0,0,0,0,0,8,0,0,0,0,5,0
5,2020-01-27,0,0,0,0,4,0,1,0,0,0,0,0,0,0,0,0,0,0,0,0,1,0,0,151,128,8,1423,100,128,0,0,0,0,0,0,0,0,0,0,0,0,3,1,0,0,0,0,0,0,0,0,0,0,0,0,4,0,4,0,0,0,4,0,0,0,0,0,0,0,0,0,0,0,0,0,0,0,0,0,0,0,0,5,0,0,0,0,0,0,8,0,0,0,0,5,0
6,2020-01-28,0,0,0,0,4,0,1,0,0,0,0,0,0,0,0,0,0,0,0,1,1,0,0,207,168,8,3554,143,173,0,0,0,0,0,0,0,0,0,0,0,0,4,4,0,0,0,0,0,0,0,0,0,0,0,0,7,0,4,0,0,0,4,0,0,0,0,0,0,0,0,0,0,0,0,0,0,0,0,0,0,0,0,7,0,0,0,0,0,0,14,0,0,0,0,5,0
7,2020-01-29,0,0,0,0,4,1,1,0,0,0,0,0,0,0,0,0,0,0,0,1,1,0,0,277,206,10,3554,221,296,0,0,0,0,0,0,0,0,0,0,0,1,5,4,0,0,0,0,0,0,0,0,0,0,0,0,7,0,4,0,0,0,7,0,0,0,0,0,0,0,0,0,0,0,0,0,0,0,0,0,0,0,0,7,0,0,0,0,0,0,14,0,0,4,0,5,0
8,2020-01-30,0,0,0,0,4,3,2,0,0,0,0,0,0,0,0,0,0,0,0,1,1,0,0,354,278,10,4903,277,428,0,0,0,0,0,0,0,0,0,0,0,1,5,4,0,0,0,0,0,1,0,0,0,0,0,0,11,0,4,0,0,0,8,0,0,0,0,0,0,0,0,0,0,0,0,1,0,0,0,0,0,0,0,10,0,0,0,0,0,0,14,0,0,4,0,5,0
9,2020-01-31,0,0,0,0,4,2,3,0,0,0,0,0,0,0,0,0,0,0,0,1,3,0,0,436,352,12,5806,332,538,0,0,0,0,0,0,0,0,0,0,0,1,5,5,0,0,0,0,0,1,0,0,0,0,0,2,15,0,11,0,0,0,8,0,0,0,0,0,0,0,0,0,0,0,0,1,0,0,0,0,2,0,0,13,0,0,0,0,1,0,19,0,0,4,2,7,0
10,2020-02-01,0,0,0,0,4,3,4,0,0,0,0,0,0,0,0,0,0,0,0,1,3,0,0,535,422,13,7153,389,599,0,0,0,0,0,0,0,0,0,0,0,1,6,8,0,0,0,0,0,1,0,0,0,0,0,2,20,0,12,0,0,0,8,0,0,0,0,0,0,0,0,0,0,0,0,1,0,0,0,0,2,0,0,16,0,0,0,1,1,0,19,0,0,4,2,8,0
11,2020-02-02,0,0,0,0,4,2,4,0,0,0,0,0,0,0,0,0,0,0,0,1,3,0,0,632,493,15,11177,463,661,0,0,0,0,0,0,0,0,0,0,0,1,6,10,0,0,0,0,0,2,0,0,0,0,0,2,20,0,15,0,0,0,8,0,0,0,0,0,0,0,0,0,0,0,0,2,0,0,0,0,2,0,0,18,0,0,0,1,1,0,19,0,0,5,2,8,0
12,2020-02-03,0,0,0,0,4,2,4,0,0,0,0,0,0,0,0,0,0,0,0,1,3,0,0,725,566,15,13522,521,724,0,0,0,0,0,0,0,0,0,0,0,1,6,12,0,0,0,0,0,3,0,0,0,0,0,2,20,0,15,0,0,0,8,0,0,0,0,0,0,0,0,0,0,0,0,2,0,0,0,0,2,0,0,18,0,0,0,1,1,0,19,0,0,5,2,11,0
13,2020-02-04,0,0,0,0,4,3,4,0,0,0,0,0,1,0,0,0,0,0,0,1,3,0,0,813,675,17,16678,593,829,0,0,0,0,0,0,0,0,0,0,0,1,6,12,0,0,0,0,0,3,0,0,0,0,0,2,22,0,16,0,0,0,10,0,0,0,0,0,0,0,0,0,0,0,0,2,0,0,0,0,2,0,0,24,0,0,0,1,1,0,25,0,0,5,2,11,0
14,2020-02-05,0,0,0,0,4,3,4,0,0,0,0,0,1,0,0,0,0,0,0,2,3,0,0,895,764,21,19665,661,895,0,0,0,0,0,0,0,0,0,0,0,1,6,12,0,0,0,0,0,3,0,0,0,0,0,2,22,0,19,0,0,0,12,0,0,0,0,0,0,0,0,0,0,0,0,2,0,0,0,0,2,0,0,28,0,0,0,1,1,0,25,0,0,5,2,11,0
15,2020-02-06,0,0,0,0,4,4,4,0,0,0,0,0,1,0,0,0,0,0,0,2,3,0,0,970,851,24,22112,711,954,0,0,0,0,0,0,0,0,0,0,0,1,6,12,0,0,0,0,0,3,0,0,0,0,0,2,22,0,23,0,0,0,12,0,0,0,0,0,0,0,0,0,0,0,0,2,0,0,0,0,2,0,0,28,0,0,0,1,1,0,25,0,0,5,2,11,0
16,2020-02-07,0,0,0,0,4,5,4,0,0,0,0,0,1,0,0,0,0,0,0,4,3,0,0,1034,914,25,24953,772,1006,0,0,0,0,0,0,0,0,0,0,0,1,6,13,0,0,0,0,0,3,0,0,0,0,0,3,25,0,24,0,0,0,12,0,0,0,0,0,0,0,0,0,0,0,0,3,0,0,0,0,2,0,0,30,0,0,0,1,1,0,25,0,0,5,3,11,0
17,2020-02-08,0,0,0,0,4,5,4,0,0,0,0,0,1,0,0,0,0,0,0,4,3,0,0,1095,981,26,27100,803,1048,0,0,0,0,0,0,0,0,0,0,0,1,11,13,0,0,0,0,0,3,0,0,0,0,0,3,25,0,24,0,0,0,16,0,0,0,0,0,0,0,0,0,0,0,0,3,0,0,0,0,2,0,0,33,0,0,0,1,1,0,32,0,0,7,3,11,0
18,2020-02-09,0,0,0,0,4,5,4,0,0,0,0,0,1,0,0,0,0,0,0,4,3,0,0,1131,1033,29,29631,838,1075,0,0,0,0,0,0,0,0,0,0,0,1,11,14,0,0,0,0,0,3,0,0,0,0,0,3,26,0,25,0,0,0,16,0,0,0,0,0,0,0,0,0,0,0,0,3,0,0,0,0,2,0,0,40,0,0,0,2,1,0,32,0,0,7,3,11,0
19,2020-02-10,0,0,0,0,4,5,4,0,0,0,0,0,1,0,0,0,0,0,0,4,3,0,0,1159,1073,38,31728,879,1092,0,0,0,0,0,0,0,0,0,0,0,1,11,14,0,0,0,0,0,3,0,0,0,0,0,3,26,0,27,0,0,0,18,0,0,0,0,0,0,0,0,0,0,0,0,3,0,0,0,0,2,0,0,45,0,0,0,2,1,0,32,0,0,8,8,11,0
20,2020-02-11,0,0,0,0,4,5,4,0,0,0,0,0,1,0,0,0,0,0,0,4,3,0,0,1177,1105,49,33366,912,1117,0,0,0,0,0,0,0,0,0,0,0,1,11,16,0,0,0,0,0,3,0,0,0,0,0,3,26,0,28,0,0,0,18,0,0,0,0,0,0,0,0,0,0,0,0,3,0,0,0,0,2,0,0,47,0,0,0,2,1,0,33,0,0,8,8,12,0
21,2020-02-12,0,0,0,0,4,5,4,0,0,0,0,0,1,0,0,0,0,0,0,4,3,0,0,1219,1135,50,33366,946,1131,0,0,0,0,0,0,0,0,0,0,0,1,11,16,0,0,0,0,0,3,0,0,0,0,0,3,28,0,28,0,0,0,18,0,0,0,0,0,0,0,0,0,0,0,0,3,0,0,0,0,2,0,0,50,0,0,0,2,1,0,33,0,0,8,9,12,0
22,2020-02-13,0,0,0,0,4,5,4,0,0,0,0,0,1,0,0,0,0,0,0,4,3,0,0,1241,1169,53,48206,968,1145,0,0,0,0,0,0,0,0,0,0,0,1,11,16,0,0,0,0,0,3,0,0,0,0,0,3,28,0,28,0,0,0,19,0,0,0,0,0,0,0,0,0,0,0,0,3,0,0,0,0,2,0,0,58,0,0,0,2,1,0,33,0,0,8,9,13,0
23,2020-02-14,0,0,0,0,4,5,4,0,0,0,0,0,1,0,0,0,0,0,0,4,3,0,0,1261,1184,56,54406,988,1155,0,0,0,0,0,0,0,0,0,1,0,1,11,16,0,0,0,0,0,3,0,0,0,0,0,3,29,0,28,0,0,0,19,0,0,0,0,0,0,0,0,0,0,0,0,3,0,0,0,0,2,0,0,67,0,0,0,2,1,0,33,0,0,8,9,13,0
24,2020-02-15,0,0,0,0,4,5,4,0,0,0,0,0,1,0,0,0,0,0,0,4,3,0,0,1294,1212,56,56249,1001,1162,0,0,0,0,0,0,0,0,0,1,0,1,12,16,0,0,0,0,0,3,0,0,0,0,0,3,43,0,28,0,0,0,22,0,0,0,0,0,0,0,0,0,0,0,0,3,0,0,0,0,2,0,0,72,0,0,0,2,1,0,33,0,0,8,9,13,0
25,2020-02-16,0,0,0,0,4,5,4,0,0,0,0,0,1,0,0,0,0,0,0,4,3,0,0,1316,1231,57,58182,1004,1167,0,0,0,0,0,0,0,0,0,1,0,1,12,16,0,0,0,0,0,3,0,0,0,0,0,3,59,0,29,0,0,0,22,0,0,0,0,0,0,0,0,0,0,0,0,3,0,0,0,0,2,0,0,75,0,0,0,2,1,0,34,0,0,9,9,13,0
26,2020-02-17,0,0,0,0,4,5,4,0,0,0,0,0,1,0,0,0,0,0,0,5,3,0,0,1322,1246,60,59989,1006,1171,0,0,0,0,0,0,0,0,0,1,0,1,12,16,0,0,0,0,0,3,0,0,0,0,0,3,66,0,30,0,0,0,22,0,0,0,0,0,0,0,0,0,0,0,0,3,0,0,0,0,2,0,0,77,0,0,0,2,1,0,35,0,0,9,9,13,0
27,2020-02-18,0,0,0,0,4,5,4,0,0,0,0,0,1,0,0,0,0,0,0,5,3,0,0,1328,1257,62,61682,1007,1172,0,0,0,0,0,0,0,0,0,1,0,1,12,16,0,0,0,0,0,3,0,0,0,0,0,3,74,0,31,0,0,0,22,0,0,0,0,0,0,0,0,0,0,0,0,3,0,0,0,0,2,0,0,81,0,0,0,2,1,0,35,0,0,9,9,13,0
28,2020-02-19,0,0,0,0,4,5,4,0,0,0,0,0,1,0,0,0,0,0,0,5,3,0,0,1331,1262,63,62031,1008,1174,0,0,0,0,0,0,0,0,0,1,0,1,12,16,0,0,0,0,0,3,0,2,0,0,0,3,84,0,31,0,0,0,22,0,0,0,0,0,0,0,0,0,0,0,0,3,0,0,0,0,2,0,0,84,0,0,0,2,1,0,35,0,0,9,9,13,0
29,2020-02-20,0,0,0,0,4,5,4,0,0,0,0,0,1,0,0,0,0,0,0,5,3,0,0,1332,1265,68,62442,1010,1175,0,0,0,0,0,0,0,0,0,1,0,1,12,16,0,0,0,0,0,3,0,5,0,0,0,3,94,0,104,0,0,0,22,0,0,0,0,0,0,0,0,0,0,0,0,3,0,0,0,0,2,0,0,84,0,0,0,2,1,0,35,0,0,9,9,13,0
30,2020-02-21,0,0,0,0,4,5,4,0,0,0,0,0,1,0,0,0,0,0,0,6,3,0,0,1333,1267,68,62662,1011,1203,0,0,0,0,0,0,0,0,0,1,0,1,12,16,0,0,0,0,0,3,0,18,0,0,1,20,105,0,204,0,0,0,22,0,0,0,0,0,0,0,0,0,0,0,0,3,0,0,0,0,2,0,0,85,0,0,0,2,1,0,35,0,0,9,9,15,0
31,2020-02-22,0,0,0,0,4,5,4,0,0,0,0,0,1,0,0,0,0,0,0,6,3,0,0,1339,1270,69,64084,1013,1205,0,0,0,0,0,0,0,0,0,1,0,1,12,16,0,0,0,0,0,3,0,28,0,0,1,62,122,0,433,0,0,0,22,0,0,0,0,0,0,0,0,0,0,0,0,3,0,0,0,0,2,0,0,85,0,0,0,2,1,0,35,0,0,13,9,15,0
32,2020-02-23,0,0,0,0,4,5,4,0,0,0,0,0,1,0,0,0,0,0,0,6,3,0,0,1342,1271,74,64084,1016,1205,0,0,0,0,0,0,0,0,0,1,0,1,12,16,0,0,0,0,0,3,0,43,0,0,1,155,147,0,602,0,0,0,22,0,0,0,0,0,0,0,0,0,0,0,0,3,0,0,0,0,2,0,0,89,0,0,0,2,1,0,35,0,0,13,9,15,0
33,2020-02-24,1,0,0,0,4,5,4,0,0,1,0,0,1,0,0,0,0,0,0,6,4,0,0,1345,1271,79,64287,1016,1205,0,0,0,0,0,0,0,0,0,1,0,1,12,16,0,0,0,0,0,3,0,61,1,0,1,229,159,0,833,1,0,0,22,0,0,0,0,0,0,0,0,2,0,0,0,3,0,0,0,0,2,0,0,89,0,0,0,2,1,0,35,0,0,13,13,51,0
34,2020-02-25,1,1,0,0,4,5,4,2,0,23,0,0,1,0,0,0,0,0,0,7,4,0,0,1347,1271,84,64786,1016,1205,0,0,1,0,0,0,0,0,0,1,0,1,14,17,0,0,0,0,0,3,0,95,1,0,1,322,170,0,977,11,0,0,22,0,0,0,0,0,0,0,0,2,0,0,0,3,0,0,0,0,2,0,0,91,0,0,0,6,1,1,37,0,0,13,13,51,0
35,2020-02-26,1,1,0,0,4,5,4,2,0,33,0,0,1,0,0,1,0,0,0,7,4,0,0,1347,1271,91,65187,1016,1205,0,0,3,0,0,0,0,0,0,1,0,2,18,27,0,1,0,0,0,3,0,139,5,0,2,453,189,0,1261,26,0,0,22,0,0,0,0,0,0,1,1,4,2,0,0,3,0,0,0,1,2,0,0,93,0,0,0,13,2,1,40,0,0,13,13,57,0
36,2020-02-27,1,1,0,0,4,5,4,3,0,33,0,0,1,0,0,1,0,0,0,7,6,0,0,1347,1272,92,65596,1017,1205,0,0,3,0,0,1,0,0,0,1,1,2,38,46,0,3,0,0,0,3,0,245,7,0,3,655,214,0,1766,43,0,0,23,0,0,0,1,0,0,1,1,4,2,0,0,3,0,0,0,1,2,0,0,93,0,0,0,15,7,8,40,0,0,13,15,58,0
37,2020-02-28,1,1,0,0,4,5,4,3,0,36,0,1,1,0,0,1,0,0,0,7,6,1,0,1348,1272,94,65914,1017,1205,0,0,5,0,0,1,0,0,0,1,1,2,57,48,0,4,0,0,1,3,0,388,7,0,4,888,228,0,2337,45,1,0,23,1,0,0,1,1,1,1,6,4,2,0,0,3,0,0,0,3,2,0,0,93,0,0,0,32,7,8,41,0,0,19,20,60,0
38,2020-02-29,1,1,0,0,4,9,7,9,0,41,0,1,1,0,0,2,0,0,0,8,11,1,0,1349,1272,95,66337,1018,1205,0,0,6,0,0,3,0,0,0,1,1,3,100,79,0,4,0,0,1,3,0,593,13,1,7,1128,241,0,3150,45,1,1,25,4,0,0,6,1,1,1,15,6,4,0,0,3,0,0,1,3,2,0,0,102,0,0,0,45,12,18,42,0,0,21,23,68,0
39,2020-03-01,1,1,0,1,6,9,7,14,3,47,0,1,2,0,0,2,0,0,0,8,15,1,0,1349,1272,96,66907,1018,1205,0,0,7,0,3,4,0,1,6,2,1,6,130,130,0,7,0,0,3,3,0,978,19,1,10,1694,256,0,3736,45,1,1,29,5,0,0,10,1,1,1,19,6,4,0,0,3,0,0,3,3,2,0,0,106,0,0,0,84,14,27,42,0,0,21,36,74,0
40,2020-03-02,1,3,0,1,6,9,9,18,3,49,0,1,8,0,0,2,0,0,0,8,18,1,0,1350,1272,100,67103,1018,1206,0,0,7,0,3,4,0,1,6,2,1,6,191,159,0,7,0,0,6,5,2,1501,26,1,10,2036,274,0,4335,56,1,1,29,5,0,1,18,1,1,1,25,6,4,0,0,3,0,2,3,3,3,1,0,108,0,0,0,120,15,42,43,0,0,21,40,98,0
41,2020-03-03,1,5,1,1,13,11,9,21,3,49,0,1,13,0,0,2,0,0,0,9,20,1,1,1350,1272,100,67217,1018,1213,0,0,9,0,5,6,0,1,7,2,2,6,204,196,0,7,0,0,11,5,2,2336,32,2,12,2502,293,0,5186,56,1,1,36,5,0,1,24,1,1,1,32,12,5,0,0,3,0,2,7,3,3,1,0,110,0,0,0,165,21,56,43,0,1,27,51,118,0
42,2020-03-04,1,12,1,1,22,11,10,29,3,52,0,6,23,0,0,4,0,0,0,12,20,1,1,1350,1272,105,67332,1018,1213,0,0,10,0,8,10,0,1,10,2,2,6,285,262,0,9,0,2,26,28,2,2922,35,6,15,3089,331,0,5621,56,1,1,50,5,0,1,38,3,1,1,56,15,5,0,0,3,1,5,8,4,3,1,0,110,0,0,0,222,35,90,43,0,1,27,85,149,0
43,2020-03-05,1,12,1,1,22,13,10,41,6,55,0,6,50,0,2,4,0,0,0,13,22,2,4,1351,1272,105,67466,1018,1215,0,0,10,0,12,10,0,1,13,3,3,12,377,482,0,31,0,2,34,30,2,3513,35,6,20,3858,360,0,6088,58,1,1,50,5,0,2,82,3,1,1,87,16,5,0,0,3,1,8,8,6,4,5,0,117,0,2,1,259,94,114,47,0,1,29,115,217,0
44,2020-03-06,1,17,2,1,26,13,10,55,6,60,0,6,109,0,2,13,0,1,1,21,25,2,4,1352,1272,107,67592,1018,1215,1,0,11,0,18,23,0,2,13,15,10,15,653,670,0,45,0,2,43,31,4,4747,40,18,37,4636,420,0,6593,58,1,2,83,6,0,2,128,4,1,3,108,16,6,0,1,5,5,13,8,9,13,5,1,130,1,7,1,400,101,214,48,0,1,29,163,262,0
45,2020-03-07,1,17,8,1,28,13,11,79,9,85,0,6,169,0,3,13,0,1,2,21,28,3,4,1352,1272,108,67666,1018,1215,1,0,12,0,19,23,0,2,13,15,10,15,949,799,0,46,0,4,50,34,4,5823,54,18,43,5883,461,0,7041,61,1,2,93,6,0,2,188,5,1,3,147,16,6,0,1,6,5,20,8,9,13,5,1,138,1,7,1,500,161,268,50,0,1,45,206,402,0
46,2020-03-08,4,19,12,1,38,15,11,104,9,85,3,6,200,0,3,20,4,2,4,27,29,4,8,1352,1272,114,67707,1018,1215,1,0,12,0,31,35,0,5,14,49,10,23,1126,1040,0,73,0,7,50,39,6,6566,60,19,61,7375,502,0,7314,64,1,3,99,7,1,2,265,5,1,3,176,16,6,0,6,10,11,30,15,15,17,11,1,150,3,16,3,673,203,337,50,0,1,45,273,518,0
47,2020-03-09,4,20,12,1,48,15,15,131,9,95,3,6,239,0,3,25,4,2,7,32,34,4,8,1352,1272,115,67743,1018,1215,1,0,12,0,31,90,0,5,15,55,10,30,1209,1176,0,73,0,9,58,43,19,7161,60,21,61,9172,511,0,7478,64,1,3,117,7,1,2,321,5,2,3,205,16,6,0,7,20,16,30,18,15,17,15,1,150,3,16,3,1073,248,374,50,0,1,45,321,583,0
48,2020-03-10,5,20,17,1,55,18,18,182,11,110,3,9,267,0,5,31,4,2,7,32,36,4,13,1353,1272,120,67760,1018,1215,3,0,14,0,41,262,0,5,15,59,12,40,1784,1457,0,89,0,9,69,56,27,8042,71,34,75,10149,581,0,7513,69,1,5,129,7,3,3,382,5,2,7,400,18,16,1,11,33,22,41,24,25,20,20,5,160,7,31,7,1695,355,491,53,0,1,74,382,959,0
49,2020-03-11,7,20,19,1,65,20,21,246,11,195,3,9,314,2,7,38,7,2,19,39,41,8,23,1356,1273,126,67773,1018,1215,9,1,19,0,91,442,0,5,17,60,16,59,2281,1908,0,99,0,13,85,62,34,9000,71,43,79,12462,639,0,7755,72,3,7,149,8,3,5,503,5,2,7,598,18,19,8,11,49,31,59,262,45,20,21,12,178,10,57,13,2277,500,652,59,1,1,74,456,1281,0
50,2020-03-12,7,24,19,4,65,20,21,302,11,195,3,12,314,2,11,52,7,2,19,46,42,9,23,1356,1273,129,67781,1018,1215,9,1,19,3,94,615,0,5,17,67,16,59,2281,2078,0,99,0,13,103,73,34,10075,71,43,100,12462,639,0,7869,80,3,19,149,12,3,6,503,5,2,7,702,18,20,11,15,52,49,59,262,49,28,45,19,178,16,89,17,2277,599,652,70,1,1,85,456,1663,0
51,2020-03-13,7,26,31,8,92,35,36,504,15,195,3,27,559,3,13,151,23,2,29,64,74,17,43,1356,1273,134,67786,1018,1215,13,1,32,4,141,801,0,5,17,80,79,155,3661,3675,0,190,1,19,134,82,69,11364,101,90,126,17660,701,4,7979,80,6,34,197,26,6,7,804,5,2,14,996,19,28,27,28,64,68,112,320,89,45,86,35,200,32,141,24,5232,814,1139,75,5,3,85,798,2179,0
52,2020-03-14,11,37,34,18,112,46,49,655,15,210,3,27,689,10,18,151,41,2,29,64,79,17,61,1356,1273,140,67790,1018,1227,22,1,38,4,189,827,0,11,28,109,115,225,4469,4585,3,228,1,30,156,102,96,12729,110,129,155,21157,773,6,8086,104,8,51,238,41,12,17,959,6,2,14,1090,19,31,36,38,111,103,169,337,123,59,103,46,212,44,181,38,6391,961,1359,82,5,3,85,1140,2727,0
53,2020-03-15,16,48,45,26,134,61,57,860,23,214,5,27,886,10,24,162,51,2,39,73,104,24,74,1360,1273,145,67794,1018,1231,34,1,49,4,253,864,0,11,28,110,171,244,4499,5795,6,331,1,32,171,113,117,13938,116,129,213,24747,839,9,8162,112,12,59,428,53,23,28,1135,8,2,14,1221,22,53,43,43,140,119,245,401,131,63,103,48,226,54,219,51,7798,1022,2200,114,6,3,98,1140,3499,1
54,2020-03-16,21,54,56,52,171,68,71,1018,28,214,8,36,1058,11,25,200,52,4,56,103,177,50,155,1361,1273,155,67798,1018,1231,54,1,57,4,298,914,0,11,37,150,205,277,6633,7272,6,331,1,39,180,119,134,14991,124,169,218,27980,839,10,8236,123,17,77,566,82,23,29,1413,8,2,18,1333,22,136,55,86,142,177,331,439,158,90,118,55,243,63,253,62,9942,1103,2200,147,18,7,98,1543,4632,6
55,2020-03-17,22,60,68,78,210,78,94,1332,28,228,10,36,1243,11,26,321,67,10,74,103,185,74,201,1364,1273,162,67799,1018,1232,65,5,65,5,396,977,0,21,58,196,225,321,7652,9257,7,387,1,50,220,142,172,16169,154,223,250,31506,878,33,8320,130,25,140,673,93,30,38,1705,12,3,26,1463,24,236,69,117,187,238,448,439,184,114,171,65,266,72,275,62,11748,1190,2700,177,47,14,98,1950,6421,10
56,2020-03-18,22,74,79,84,267,94,121,1646,28,256,14,51,1486,12,38,372,92,10,97,186,221,94,238,1370,1273,181,67800,1018,1232,93,6,81,7,464,1057,1,21,111,196,258,336,9043,12327,7,418,1,58,250,156,227,17361,164,292,304,35713,889,35,8413,142,27,203,790,118,30,49,2051,20,8,35,1550,39,299,86,145,202,251,448,452,260,147,171,83,313,105,275,116,13910,1279,3028,212,98,14,113,2626,7783,15
57,2020-03-19,22,87,97,115,307,144,121,2013,44,278,17,51,1795,12,63,621,94,13,119,231,257,121,238,1378,1273,208,67800,1018,1233,102,9,105,11,694,1151,1,34,199,256,267,400,10871,15320,11,418,1,73,330,194,311,18407,192,557,427,41035,924,44,8565,148,36,335,900,164,49,63,2460,28,8,48,1746,48,454,109,234,217,355,785,460,277,199,274,103,345,123,286,150,17963,1439,4075,272,192,16,140,2689,13747,23
58,2020-03-20,24,90,128,136,353,184,121,2388,44,285,20,69,2257,15,89,793,127,20,146,271,308,139,434,1395,1273,256,67800,1018,1234,128,9,128,16,833,1255,1,72,367,285,283,450,12612,19848,16,495,1,85,409,244,369,19644,208,683,529,47021,963,49,8652,159,49,484,1030,203,66,77,2994,39,12,67,1914,48,501,137,234,230,425,1020,470,308,253,344,135,385,137,341,202,20410,1639,5294,322,359,29,140,3983,19273,33
59,2020-03-21,24,139,158,160,436,221,229,2814,53,305,25,76,2815,19,93,1021,163,27,195,424,377,181,537,1400,1273,273,67800,1018,1236,196,14,206,21,995,1326,1,112,506,294,306,523,14282,22213,19,530,2,103,473,330,450,20610,214,785,712,53578,1007,53,8799,176,83,670,1183,251,80,96,3631,52,22,85,2118,52,730,200,318,307,536,1280,481,367,306,392,171,432,178,383,240,25374,1763,6575,411,670,47,153,5018,25600,43
60,2020-03-22,40,201,266,194,669,259,355,3582,65,334,27,76,3401,24,126,1546,187,40,259,424,425,219,632,1413,1274,317,67800,1018,1238,231,14,254,35,1120,1395,1,202,789,327,326,626,16018,24873,23,624,2,131,568,396,514,21638,233,906,883,59138,1101,60,8961,188,143,798,1306,316,94,115,4204,102,30,115,2385,55,776,313,363,380,634,1600,494,433,367,511,222,455,185,414,274,28768,1934,7474,599,1236,73,153,5683,33276,43
61,2020-03-23,40,230,301,235,669,319,355,4474,72,377,33,81,3743,27,136,1924,201,56,301,472,503,628,746,1415,1274,356,67800,1018,1238,277,25,315,40,1236,1450,3,245,981,366,352,700,19856,29056,27,695,4,167,588,499,579,23049,266,1125,1071,63927,1128,62,8961,189,179,875,1518,367,109,143,4749,102,40,136,2621,66,875,345,395,462,749,2060,501,576,438,562,249,509,186,442,402,35136,2046,8795,721,1529,73,198,6650,43843,46
62,2020-03-24,74,264,387,249,818,397,411,5283,87,392,39,81,4269,29,166,2247,218,66,359,617,588,1013,922,1428,1274,386,67801,1018,1240,378,73,382,48,1394,1591,3,312,1082,402,369,792,22304,32986,53,743,4,187,648,536,686,24811,316,1329,1238,69176,1193,72,9037,191,209,1099,1624,405,125,170,5560,155,44,148,2863,84,972,345,416,552,901,2362,526,794,495,767,303,558,204,480,554,39885,2286,9877,827,1872,97,248,8077,53736,50
63,2020-03-25,84,302,387,265,1029,443,466,5588,93,419,39,86,4937,32,176,2554,242,75,358,617,688,1342,1142,1433,1274,410,67801,1018,1241,470,80,442,57,1654,1724,11,392,1173,456,404,880,25233,37323,93,821,4,226,737,657,790,27017,346,1564,2369,74386,1307,81,9137,195,274,1333,1796,475,149,225,6412,205,51,177,3084,99,1063,443,480,636,1051,2995,537,906,658,900,384,631,216,528,709,49515,2526,10897,934,2433,145,333,9529,65778,60
64,2020-03-26,94,367,502,290,1219,493,520,6909,122,458,44,86,6235,43,191,2985,264,75,486,725,858,1632,1306,1448,1275,453,67801,1018,1243,491,96,495,67,1925,1877,11,488,1403,495,538,958,29155,43938,132,892,4,261,802,727,893,29406,382,1819,2693,80589,1387,111,9241,208,299,1453,2031,585,177,275,7431,283,65,201,3369,109,1201,558,580,707,1221,3544,549,1029,840,1012,384,683,226,562,927,57786,2840,11811,1045,3629,196,333,11658,83836,75
65,2020-03-27,110,409,589,329,1405,555,574,7657,165,466,48,94,7284,61,237,3417,293,91,542,725,994,2024,1610,1456,1275,519,67801,1018,1247,539,101,586,80,2279,2046,12,581,1595,536,575,1041,32964,50871,137,966,8,300,890,887,1046,32332,458,2121,3035,86498,1468,150,9332,225,358,1605,2161,717,199,345,8603,368,70,219,3755,131,1373,674,635,803,1389,4268,562,1292,1036,1104,457,732,269,632,1170,65719,3069,12928,1136,5698,310,405,14543,101657,88
66,2020-03-28,110,454,690,407,1617,625,685,8271,182,476,48,94,9134,74,258,3904,331,91,542,884,1144,2498,1909,1467,1275,561,67801,1018,1251,608,101,657,119,2631,2201,14,719,1823,576,645,1167,37575,57695,141,1061,8,343,963,987,1155,35408,506,2415,3619,92472,1693,228,9478,235,394,1831,2320,848,231,402,9762,451,89,241,4015,152,1495,786,671,1075,1638,5170,590,1452,1264,1203,659,802,292,684,1187,73235,3447,14076,1245,7402,356,468,17089,121465,104
67,2020-03-29,120,511,745,424,1791,656,769,8788,209,499,48,94,10836,81,323,4256,346,139,621,884,1355,2840,2139,1475,1276,641,67801,1018,1254,702,165,713,139,2817,2395,18,859,1924,609,679,1240,40174,62095,152,1156,16,408,1020,1024,1285,38309,547,2615,4247,97689,1866,284,9583,255,460,1950,2470,993,263,479,10866,514,111,259,4284,167,1597,901,852,1418,1862,5962,634,1815,1534,1299,741,844,314,730,1280,80110,3700,14829,1388,9217,475,570,19522,140909,144
68,2020-03-30,170,584,820,482,2032,689,821,9618,273,515,49,152,11899,97,368,4579,359,139,661,970,1706,3430,2449,1484,1276,682,67801,1018,1255,798,168,790,170,3001,2577,18,901,1962,656,715,1352,44550,66885,152,1212,22,447,1086,1251,1414,41495,630,2910,4695,101739,1866,302,9661,266,491,1988,2626,1094,298,556,11750,589,131,285,4445,179,1717,989,950,1546,2055,6408,693,2109,1836,1453,785,879,336,756,1326,87956,4028,15922,1524,10827,548,611,22141,161831,149
69,2020-03-31,174,716,1054,532,2032,743,917,10180,298,567,51,152,12775,107,420,5717,399,193,690,1013,1966,4162,2738,1494,1276,714,67801,1018,1257,906,179,867,186,3308,2860,30,1109,2240,710,745,1418,52128,71808,161,1314,22,492,1135,1397,1528,44605,694,3235,5358,105792,1953,343,9786,289,537,2178,2766,1215,353,617,12595,647,135,329,4641,192,1938,1181,1065,2084,2311,7443,781,2245,2337,1563,900,926,363,802,1353,95923,4435,16605,1651,13531,645,664,25150,188172,172
70,2020-04-01,237,847,1054,571,2182,781,968,10711,359,569,54,163,13964,115,459,6836,422,233,754,1013,2392,4611,3031,1501,1276,765,67802,1018,1257,1065,190,963,212,3508,3107,33,1284,2748,779,779,1446,56989,77872,195,1415,30,525,1220,1998,1677,47593,728,3447,6092,110574,2178,380,9887,317,581,2319,2908,1378,423,654,13614,708,174,354,4863,210,2118,1181,1323,2311,2554,8251,835,2460,2777,1720,1060,1000,400,841,1380,104118,4947,17768,1771,15679,794,814,29474,213242,181
71,2020-04-02,273,986,1133,663,2298,835,1036,11129,400,643,56,304,15348,123,533,8044,457,306,969,1121,2793,5518,3404,1507,1276,802,67802,1019,1258,1161,194,1011,233,3858,3386,40,1380,3163,865,858,1518,59105,84794,204,1544,52,585,1319,2543,1790,50468,772,3849,6857,115242,2495,435,9976,342,649,2487,3116,1510,505,708,14697,797,184,384,5147,231,2421,1317,1414,2633,2946,9034,949,2738,3548,1885,1171,1049,426,897,1462,112065,5568,18827,1875,18135,897,1024,33718,243622,205
72,2020-04-03,281,1171,1265,736,2389,873,1085,11524,443,672,61,351,16770,132,579,9056,485,509,969,1174,3255,6101,3737,1514,1276,845,67802,1019,1260,1267,218,1079,269,4091,3757,49,1488,3368,985,961,1615,64338,91159,205,1613,73,623,1364,2567,1986,53183,820,4273,7428,119827,2617,464,10062,417,696,2612,3333,1688,591,791,15723,868,210,430,5370,252,2686,1475,1595,3018,3383,9886,1075,3183,4149,2039,1476,1114,450,934,1505,119199,6131,19606,1978,20921,1072,1264,38168,275367,227
73,2020-04-04,299,1251,1451,770,2493,900,1115,11781,521,688,70,440,18431,139,624,10360,503,555,1075,1203,3630,6101,4161,1516,1276,862,67803,1019,1262,1406,245,1126,288,4472,4077,50,1488,3465,1070,1039,1882,68605,96092,205,1673,111,678,1417,3082,2092,55743,878,4604,7851,124632,3139,531,10156,479,771,2729,3483,1890,752,919,16627,950,214,483,5550,277,2818,1673,1746,3094,3627,10524,1325,3613,4731,2179,1624,1189,471,977,1585,126168,6443,20505,2067,23934,1225,1505,41903,308650,266
74,2020-04-05,349,1320,1451,822,2580,907,1135,12051,584,700,88,562,19691,157,654,11130,531,650,1181,1203,4354,7944,4471,1524,1276,890,67803,1019,1263,1485,261,1182,320,4587,4369,59,1745,3646,1173,1097,1927,70478,100123,214,1735,121,733,1486,3588,2273,58226,961,4994,8430,128948,3139,584,10237,556,811,2804,3662,2143,864,1021,17851,1039,232,555,5687,298,3157,1801,2281,3246,4102,11278,1604,3864,5389,2402,1908,1309,485,997,1655,131646,6830,21100,2169,27069,1308,1799,47806,336802,342
75,2020-04-06,367,1423,1554,833,2637,921,1158,12297,641,756,123,700,20814,183,674,12161,549,658,1250,1266,4347,8580,4815,1532,1276,914,67803,1019,1264,1579,323,1222,350,4822,4681,90,1828,3747,1322,1108,2176,74390,103374,214,1755,128,744,1562,4778,2491,60500,1031,5364,8904,132547,3654,662,10284,665,843,2843,3793,2439,965,1120,18803,1106,238,570,5865,331,3766,1988,2561,3660,4413,11730,1832,4057,6343,2605,2200,1375,534,1021,1686,136675,7206,21657,2220,30217,1319,2076,51608,366317,457
76,2020-04-07,423,1468,1628,853,2686,934,1191,12639,717,811,164,861,22194,194,764,14034,577,658,1373,1266,4726,9340,5116,1533,1276,935,67803,1019,1265,1780,349,1282,396,5017,5071,90,1956,3747,1450,1149,2308,78167,107663,287,1832,144,817,1586,5311,2738,62589,1122,5709,9248,135586,3906,697,10331,743,880,2970,3963,2785,1056,1184,19580,1160,254,599,6086,371,4035,2100,2954,3764,4848,12442,2057,4417,7497,2795,2447,1481,581,1059,1749,141942,7693,22253,2258,34109,1462,2359,55242,397121,520
77,2020-04-08,444,1572,1715,881,2734,943,1212,12942,822,823,218,1066,23403,210,804,16170,593,730,1373,1291,5276,10031,5546,1536,1276,960,67803,1019,1266,2054,384,1343,457,5312,5402,135,2111,4450,1560,1185,2487,82048,113296,313,1884,164,895,1616,5916,2956,64586,1202,6074,9404,139422,4257,727,10384,855,912,3034,4119,3181,1174,1275,20549,1210,276,617,6086,419,4263,2249,4342,3870,5205,13141,2210,4761,8672,2932,2666,1623,682,1091,1845,148220,8419,23280,2369,38226,1668,2659,60733,428654,545
78,2020-04-09,484,1666,1795,921,2773,953,1228,13244,926,887,330,1486,24983,264,858,18092,618,730,1423,1336,5759,10912,5972,1539,1276,973,67803,1019,1267,2223,444,1407,515,5569,5635,135,2349,4965,1699,1207,2605,86334,118181,378,1955,194,980,1648,6725,3293,66220,1232,6574,9968,143626,4667,781,10423,910,955,3115,4228,3441,1289,1374,21762,1239,288,663,6211,457,4489,2528,5256,4076,5575,13956,2376,5202,10131,3287,2867,1910,701,1124,1934,153222,9141,24051,2423,42282,1892,2990,65077,462780,582
79,2020-04-10,521,1761,1975,937,2822,965,1241,13555,991,925,424,1981,26667,268,901,19638,635,820,1451,1370,6237,11677,6501,1544,1276,989,67803,1019,1267,2473,444,1495,564,5732,5819,150,2620,7161,1794,1258,2769,90676,122171,378,2011,212,1190,1675,7598,3512,68192,1279,8089,10408,147577,5530,812,10450,993,999,3223,4346,3844,1438,1448,23097,1283,305,711,6314,484,4695,2752,5897,4195,5955,15472,2512,5467,11917,3651,3105,2108,715,1160,2003,158273,9685,24551,2473,47029,2203,3360,73758,496535,624
80,2020-04-11,555,1825,1975,967,2857,974,1265,13806,1058,1040,482,2226,28018,275,946,20727,661,820,1567,1445,6648,12292,6927,1548,1276,1000,67803,1019,1267,2709,533,1534,620,5831,5996,187,2759,7257,1939,1304,2905,93790,124908,408,2081,250,1310,1689,8446,3842,70029,1318,8928,10743,152271,6005,865,10480,1154,1026,3270,4530,4219,1560,1545,24413,1312,318,760,6409,546,5011,2974,6848,4428,6356,15987,2728,5990,13584,4033,3380,2299,728,1188,2028,163027,10151,25107,2518,52167,2511,3736,78991,526396,767
81,2020-04-12,607,1914,2142,1013,2857,983,1268,13945,1098,1136,621,2578,29647,300,1009,22192,675,820,1567,1445,7049,12846,7213,1552,1276,1004,67803,1019,1267,2776,574,1600,669,5991,6174,214,2967,7466,2065,1309,2974,120633,127854,566,2114,250,1410,1701,9205,4241,71686,1352,9655,11145,156363,6748,951,10512,1234,1053,3281,4683,4661,1662,1661,25587,1330,323,828,6525,599,5230,3234,7519,4648,6674,16585,2979,6300,15770,4462,3630,2532,742,1205,2173,166831,10483,25415,2551,56956,2777,4123,84279,555313,865
82,2020-04-13,665,1983,2208,1039,2863,987,1281,14041,1148,1361,803,2919,30589,330,1037,23430,685,820,1732,1490,7470,13557,7525,1555,1276,1009,67803,1019,1267,2852,626,1650,726,6059,6318,298,3167,7529,2190,1332,3064,124298,130072,566,2145,319,1458,1711,10453,4557,73303,1378,10647,11586,159516,7370,1091,10537,1300,1062,3292,4817,5014,1712,1763,26551,1349,343,854,6603,727,5496,3400,9784,4932,6934,16934,3231,6633,18328,4934,4054,2918,769,1212,2272,170099,10948,25688,2579,61049,3102,4521,88621,580619,998
83,2020-04-14,714,2070,2277,1067,2870,998,1291,14226,1197,1528,1012,3281,31119,354,1083,25262,713,848,1870,1490,7953,14248,7917,1564,1276,1012,67803,1019,1267,2979,638,1704,766,6111,6511,363,3286,7603,2350,1373,3161,129257,131359,636,2170,363,1512,1720,11487,4839,74877,1400,11479,12046,162488,7645,1232,10564,1355,1070,3307,4987,5399,1934,1888,27419,1366,373,908,6623,813,5837,3472,10303,5223,7202,17448,3428,6879,21102,5369,4465,3252,835,1220,2415,172541,11445,25936,2613,65111,3372,4933,93873,607670,1165
84,2020-04-15,784,2160,2443,1111,2886,999,1299,14336,1253,1671,1231,3728,33573,397,1110,28320,747,848,1870,1517,8447,14860,8273,1566,1276,1017,67803,1019,1268,3105,638,1741,814,6216,6681,435,3614,7858,2505,1400,3237,132473,134753,636,2192,404,1579,1727,12322,5136,76389,1415,12547,12501,165155,8100,1295,10591,1405,1091,3373,5072,5847,2049,2024,28153,1386,407,974,6740,910,6383,3574,11475,5453,7582,18091,3711,7216,24490,5862,4873,3699,863,1248,2506,177644,11927,26336,2643,69392,3764,5365,98476,636350,1302
85,2020-04-16,840,2268,2571,1159,2897,1001,1299,14476,1283,1700,1572,4204,34809,441,1167,30425,800,996,1996,1561,9840,15857,8807,1571,1276,1017,67803,1019,1268,3233,654,1791,862,6433,6879,591,3755,8225,2673,1434,3369,144944,137698,641,2207,438,1652,1739,13430,5516,77995,1434,13271,12758,168941,8626,1402,10613,1524,1128,3444,5182,6297,2154,2283,29214,1401,442,1081,6896,1019,6919,3751,12491,5660,7918,18841,4103,7707,27938,6380,5318,4427,977,1268,2605,184948,12540,26732,2672,74193,4161,5825,103093,667592,1349
86,2020-04-17,906,2418,2669,1201,2926,1007,1302,14595,1340,1740,1838,4779,36138,465,1214,33682,846,996,2397,1575,10456,16798,9252,1577,1276,1021,68128,1019,1268,3439,688,1814,923,6549,7073,732,4126,8450,2844,1459,3489,146923,141397,641,2224,477,1763,1754,14352,5923,79494,1482,13980,12982,172434,9787,1546,10635,1658,1149,3480,5251,6875,2264,2564,30449,1409,493,1117,6937,1069,7025,4016,13489,5878,8379,19022,4663,8067,32008,7142,5690,5050,1049,1304,2783,190839,13216,27078,2700,78546,4662,6302,108692,699706,1405
87,2020-04-18,933,2534,2758,1248,2936,1015,1319,14671,1373,1773,2144,4779,37183,493,1268,36658,878,1017,2562,1618,11013,17521,9730,1579,1276,1024,68128,1019,1268,3439,801,1832,986,6606,7242,732,4335,9022,3032,1512,3681,146906,143342,834,2235,518,1834,1760,15722,6248,80868,1513,14758,13265,175925,10296,1615,10653,1751,1239,3537,5305,7497,2378,2685,31589,1422,542,1170,7036,1180,7638,4210,14420,6087,8742,19685,5008,8418,36793,8274,5994,5992,1089,1317,3034,191726,13822,27404,2733,82329,5106,6302,114217,732197,1490
88,2020-04-19,996,2629,2839,1291,2957,1019,1328,14749,1398,1881,2456,4779,38496,520,1285,38654,894,1017,2803,1647,11561,17950,10088,1580,1276,1025,68128,1019,1268,3792,847,1871,1035,6746,7384,846,4680,9468,3144,1528,3783,151808,145184,1042,2235,579,1916,1771,17615,6575,82211,1539,15251,13491,178972,10797,1676,10661,1915,1298,3550,5389,8261,2472,2855,32655,1431,627,1207,7078,1266,8348,4273,15628,6259,9287,20206,5448,8746,42853,9362,6318,6588,1161,1330,3158,198674,14385,27740,2765,86306,5449,6781,120067,758809,1565
89,2020-04-20,1026,2718,2941,1339,2963,1019,1329,14795,1436,1907,2948,6264,39983,564,1309,40743,929,1163,2908,1647,12063,19319,10507,1581,1276,1025,68128,1019,1268,3977,847,1881,1087,6900,7515,846,4964,10128,3333,1535,3868,154188,147065,1042,2245,622,1984,1773,18539,6760,83505,1574,15652,13713,181228,10797,1852,10674,1995,1326,3558,5425,8772,2548,3046,33405,1440,665,1225,7156,1410,8418,4467,16325,6459,9593,20863,6015,8936,47121,10484,6630,8014,1173,1335,3300,200210,14777,27944,2792,90980,5710,7265,124743,784326,1627
90,2020-04-21,1092,2811,3031,1401,2969,1024,1336,14873,1480,1973,3382,6723,40956,598,1342,43079,975,1163,3095,1724,12715,20126,10832,1582,1276,1029,68128,1019,1268,4149,916,1908,1137,7033,7695,945,5044,10398,3490,1552,4014,156921,148291,1042,2401,688,2098,1778,20080,7135,84802,1602,16040,13942,183957,11135,1995,10683,2080,1350,3618,5482,9501,2614,3209,34134,1445,665,1231,7191,1508,9565,4658,17837,6599,9856,21379,6533,9242,52763,11631,6630,9125,1199,1344,3465,204178,15322,28063,2811,95591,6125,7755,129044,811865,1678
91,2020-04-22,1176,2910,3144,1473,2971,1024,1336,14925,1518,2027,3772,7281,41889,609,1368,45757,1024,1163,3401,1795,13718,20965,11296,1582,1276,1033,68128,1019,1268,4356,952,1950,1189,7132,7912,974,5300,10850,3659,1559,4129,154715,150648,1154,2408,761,2168,1785,21370,7418,85996,1631,16671,14498,187327,11512,2135,10694,2248,1370,3654,5532,10544,2778,3446,34842,1451,873,1259,7338,1614,10076,4821,19250,6710,10169,21982,7141,9710,57999,12772,6630,10141,1244,1353,3635,208389,16004,28268,2826,98674,6592,8238,133495,840351,1716
92,2020-04-23,1279,3007,3435,1523,2976,1026,1337,15002,1548,2217,4186,8022,42797,703,1413,50036,1097,1334,3720,1824,14068,21838,11812,1585,1276,1035,68128,1019,1268,4561,1004,1981,1235,7187,8073,986,5543,11183,3891,1592,4284,157026,153129,1154,2463,862,2284,1789,23077,7775,87026,1677,17607,14803,189973,12368,2289,10708,2399,1398,3665,5603,11633,2926,3568,35729,1456,981,1300,7401,1716,11155,5166,20914,6981,10511,22353,7764,10096,62773,13930,6630,11178,1325,1366,3953,213024,16755,28496,2839,101790,7170,8756,138078,869170,1758
93,2020-04-24,1351,3127,3607,1596,2982,1026,1343,15071,1592,2518,4689,8773,44293,807,1421,54043,1234,1430,4017,1853,14550,22616,12306,1585,1276,1035,68128,1019,1268,4881,1077,2009,1285,7273,8210,999,5749,22719,4092,1605,4395,158636,154999,1279,2490,954,2443,1789,24530,8211,88194,1708,18184,15058,192994,12829,2482,10718,2614,1410,3695,5691,12872,3110,3758,36535,1461,1095,1326,7463,1790,11940,5338,21648,7192,10892,22797,8525,10417,68622,15102,6630,12075,1360,1373,4220,219764,17567,28677,2907,104912,7647,9281,143464,905358,1804
94,2020-04-25,1463,3256,3780,1677,2994,1026,1346,15148,1617,2588,4998,9590,45325,866,1486,59324,1247,1518,4233,1948,15012,23267,12858,1586,1276,1037,68128,1019,1268,5142,1077,2016,1337,7352,8445,1008,5926,22719,4319,1635,4475,160292,156513,1279,2506,996,2443,1790,26283,8607,89328,1763,18561,15298,195351,13231,2601,10728,2892,1426,3711,5742,13842,3304,3897,37190,1470,1182,1367,7499,1905,12723,5538,25331,7294,11273,23392,9358,10635,74588,16299,6630,12693,1373,1388,4361,223759,18177,28894,2907,107773,8125,9813,148377,938154,1862
95,2020-04-26,1531,3382,3892,1746,3002,1030,1349,15225,1645,2647,5416,10463,46134,950,1516,63100,1300,1621,4480,1948,15568,24109,13331,1587,1276,1037,68128,1019,1268,5379,1150,2030,1369,7404,8575,1023,6135,22719,4534,1643,4576,160847,157770,1550,2517,996,2500,1792,27890,8882,90481,1820,19262,15443,197675,13441,2717,10738,3075,1438,3723,5780,14677,3408,4065,37845,1469,1273,1386,7527,1998,13328,5779,27517,7579,11617,23864,10287,11036,80949,17522,6630,13624,1379,1396,4546,226629,18640,29061,2922,110130,8617,10349,152840,965785,1869
96,2020-04-27,1703,3517,4003,1808,3004,1033,1349,15274,1678,2723,5913,11289,46687,1014,1565,67446,1363,1705,4696,1998,15970,24983,13813,1587,1276,1037,68128,1019,1268,5597,1164,2039,1389,7445,8698,1035,6293,23240,4782,1647,4695,164589,158758,1550,2534,1163,2583,1792,29451,9096,91472,1847,19648,15555,199414,14153,2835,10752,3288,1449,3729,5820,15529,3481,4120,38245,1472,1337,1399,7599,2049,13915,6021,28699,7777,11902,24027,11244,11339,87147,18811,6630,14423,1381,1402,4793,229422,18926,29164,2931,112261,9009,10839,157149,988197,1904
97,2020-04-28,1828,3649,4127,1867,3016,1034,1354,15357,1717,2811,6462,12208,47334,1014,1585,73235,1399,1705,4850,2053,16500,25761,14365,1588,1276,1037,68128,1019,1268,5949,1183,2047,1437,7504,8851,1072,6416,24258,5042,1660,4740,167605,159912,1671,2566,1240,2649,1795,31324,9511,92584,1928,19877,15728,201505,13736,3027,10761,3440,1344,3741,5851,16752,3638,4252,38416,1474,1532,1421,7660,2131,14612,6021,31190,7958,12218,24322,11921,11616,93558,20077,6630,14951,1384,1408,4996,232128,19621,29264,2938,114653,9410,11380,161145,1012582,1939
98,2020-04-29,1939,3848,4285,1932,3016,1033,1361,15402,1766,2921,7103,13181,47859,1110,1677,79685,1447,1832,5165,2087,16978,26610,14885,1588,1276,1037,68128,1019,1268,6207,1238,2062,1467,7579,9008,1077,6652,24675,5268,1666,4906,165093,161539,1671,2576,1351,2727,1797,33062,9771,93657,2003,20253,15834,203591,13895,3138,10765,3740,1375,3769,5945,17799,3771,4321,38802,1476,1728,1442,7710,2274,15525,6378,33931,8212,12640,24505,12564,11978,99399,21402,6630,15641,1391,1418,5350,236899,20302,29407,2947,117589,9866,11929,165221,1039909,2002
